BGC_ANALYSIS:ANTISMASH_ANALYSIS:PEPM_MAKEDB	CACHED	36ms	1
BGC_ANALYSIS:ANTISMASH_ANALYSIS:GET_ANTISMASH_VERSION	CACHED	2.2s	1
DOWNLOAD_GENOMES:NCBI_DATASETS_DOWNLOAD (Erwiniaceae)	CACHED	15m 20s	4
DOWNLOAD_GENOMES:CREATE_NAME_MAP (Erwiniaceae)	CACHED	60ms	1
DOWNLOAD_GENOMES:EXTRACT_TAXONOMY (Extracting taxonomy from NCBI metadata)	CACHED	12.9s	1
DOWNLOAD_GENOMES:RENAME_GENOMES (100 genomes)	CACHED	9.6s	1
DOWNLOAD_GENOMES:RENAME_GENOMES (100 genomes)	CACHED	8s	1
DOWNLOAD_GENOMES:RENAME_GENOMES (100 genomes)	CACHED	8.3s	1
DOWNLOAD_GENOMES:RENAME_GENOMES (100 genomes)	CACHED	9.1s	1
DOWNLOAD_GENOMES:RENAME_GENOMES (100 genomes)	CACHED	11s	1
DOWNLOAD_GENOMES:RENAME_GENOMES (100 genomes)	CACHED	14.9s	1
DOWNLOAD_GENOMES:RENAME_GENOMES (100 genomes)	CACHED	2.9s	1
DOWNLOAD_GENOMES:RENAME_GENOMES (100 genomes)	CACHED	10.1s	1
DOWNLOAD_GENOMES:RENAME_GENOMES (100 genomes)	CACHED	4s	1
DOWNLOAD_GENOMES:RENAME_GENOMES (100 genomes)	CACHED	3s	1
DOWNLOAD_GENOMES:RENAME_GENOMES (100 genomes)	CACHED	12.4s	1
DOWNLOAD_GENOMES:RENAME_GENOMES (100 genomes)	CACHED	1.6s	1
DOWNLOAD_GENOMES:RENAME_GENOMES (100 genomes)	CACHED	5.6s	1
DOWNLOAD_GENOMES:RENAME_GENOMES (100 genomes)	CACHED	2.8s	1
DOWNLOAD_GENOMES:RENAME_GENOMES (100 genomes)	CACHED	7.8s	1
DOWNLOAD_GENOMES:RENAME_GENOMES (100 genomes)	CACHED	28.4s	1
DOWNLOAD_GENOMES:RENAME_GENOMES (100 genomes)	CACHED	44.8s	1
BGC_ANALYSIS:ANTISMASH_ANALYSIS:PEPM_PRESCREEN (200 genomes)	CACHED	1m 40s	4
DOWNLOAD_GENOMES:RENAME_GENOMES (100 genomes)	CACHED	18.6s	1
DOWNLOAD_GENOMES:RENAME_GENOMES (100 genomes)	CACHED	41.3s	1
DOWNLOAD_GENOMES:RENAME_GENOMES (100 genomes)	CACHED	43.6s	1
DOWNLOAD_GENOMES:RENAME_GENOMES (100 genomes)	CACHED	38.5s	1
DOWNLOAD_GENOMES:RENAME_GENOMES (100 genomes)	CACHED	37.3s	1
DOWNLOAD_GENOMES:RENAME_GENOMES (100 genomes)	CACHED	39.4s	1
DOWNLOAD_GENOMES:RENAME_GENOMES (75 genomes)	CACHED	16.8s	1
DOWNLOAD_GENOMES:RENAME_GENOMES (100 genomes)	CACHED	38.1s	1
DOWNLOAD_GENOMES:RENAME_GENOMES (100 genomes)	CACHED	41.4s	1
DOWNLOAD_GENOMES:RENAME_GENOMES (100 genomes)	CACHED	44s	1
DOWNLOAD_GENOMES:RENAME_GENOMES (100 genomes)	CACHED	23.2s	1
BGC_ANALYSIS:ANTISMASH_ANALYSIS:PEPM_PRESCREEN (200 genomes)	COMPLETED	1m 24s	4
BGC_ANALYSIS:ANTISMASH_ANALYSIS:PEPM_PRESCREEN (175 genomes)	CACHED	1m 15s	4
BGC_ANALYSIS:ANTISMASH_ANALYSIS:PEPM_PRESCREEN (200 genomes)	COMPLETED	1m 36s	4
BGC_ANALYSIS:ANTISMASH_ANALYSIS:PEPM_PRESCREEN (200 genomes)	COMPLETED	1m 53s	4
BGC_ANALYSIS:ANTISMASH_ANALYSIS:PEPM_PRESCREEN (200 genomes)	COMPLETED	1m 35s	4
BGC_ANALYSIS:ANTISMASH_ANALYSIS:PEPM_PRESCREEN (200 genomes)	COMPLETED	1m 43s	4
BGC_ANALYSIS:ANTISMASH_ANALYSIS:PEPM_PRESCREEN (200 genomes)	COMPLETED	1m 42s	4
BGC_ANALYSIS:ANTISMASH_ANALYSIS:PEPM_PRESCREEN (200 genomes)	COMPLETED	1m 49s	4
BGC_ANALYSIS:ANTISMASH_ANALYSIS:PEPM_PRESCREEN (200 genomes)	COMPLETED	1m 58s	4
BGC_ANALYSIS:ANTISMASH_ANALYSIS:PEPM_PRESCREEN (200 genomes)	COMPLETED	1m 47s	4
BGC_ANALYSIS:ANTISMASH_ANALYSIS:PEPM_PRESCREEN (200 genomes)	COMPLETED	1m 30s	4
BGC_ANALYSIS:ANTISMASH_ANALYSIS:PEPM_PRESCREEN (200 genomes)	COMPLETED	1m 35s	4
BGC_ANALYSIS:ANTISMASH_ANALYSIS:PEPM_PRESCREEN (200 genomes)	COMPLETED	1m 23s	4
BGC_ANALYSIS:ANTISMASH_ANALYSIS:BUILD_PROTEIN_POOL (Erwiniaceae)	CACHED	59.1s	1
BGC_ANALYSIS:ANTISMASH_ANALYSIS:RECOVER_ORFS (107 genomes)	COMPLETED	11m 8s	4
BGC_ANALYSIS:ANTISMASH_ANALYSIS:RECOVER_ORFS (200 genomes)	COMPLETED	11m 23s	4
BGC_ANALYSIS:ANTISMASH_ANALYSIS:ANTISMASH (50 genomes)	COMPLETED	45m 14s	2
BGC_ANALYSIS:ANTISMASH_ANALYSIS:ANTISMASH (50 genomes)	COMPLETED	46m 51s	2
BGC_ANALYSIS:ANTISMASH_ANALYSIS:ANTISMASH (50 genomes)	COMPLETED	46m 56s	2
BGC_ANALYSIS:ANTISMASH_ANALYSIS:ANTISMASH (50 genomes)	COMPLETED	47m 45s	2
BGC_ANALYSIS:ANTISMASH_ANALYSIS:ANTISMASH (50 genomes)	COMPLETED	45m 1s	2
BGC_ANALYSIS:ANTISMASH_ANALYSIS:ANTISMASH (50 genomes)	COMPLETED	45m 29s	2
BGC_ANALYSIS:ANTISMASH_ANALYSIS:ANTISMASH (7 genomes)	COMPLETED	7m 12s	2
BGC_ANALYSIS:TABULATE_REGIONS (Erwiniaceae)	COMPLETED	9.7s	1
BGC_ANALYSIS:COUNT_REGIONS (Erwiniaceae)	COMPLETED	10.5s	1
BGC_ANALYSIS:CLUSTERING:BIGSCAPE (Erwiniaceae)	COMPLETED	1m 6s	8
BGC_ANALYSIS:AGGREGATE_TAXONOMY (Aggregating BGC statistics by taxonomy)	COMPLETED	87ms	1
BGC_ANALYSIS:PHYLOGENY:GENBANK_TO_FASTA (100 genomes)	CACHED	24.5s	1
BGC_ANALYSIS:PHYLOGENY:GENBANK_TO_FASTA (99 genomes)	CACHED	25s	1
BGC_ANALYSIS:PHYLOGENY:GENBANK_TO_FASTA (100 genomes)	CACHED	23.3s	1
BGC_ANALYSIS:PHYLOGENY:GTDBTK_CLASSIFY (Erwiniaceae shard 1198869587)	COMPLETED	1h 21m 55s	8
BGC_ANALYSIS:HEADGROUP_PREDICTION (Erwiniaceae)	COMPLETED	1.9s	4
BGC_ANALYSIS:GCF_ANNOTATION_TRANSFER (Erwiniaceae)	COMPLETED	12.6s	4
BGC_ANALYSIS:PEPM_ALL_BY_ALL (Erwiniaceae)	COMPLETED	32.5s	4
BGC_ANALYSIS:CLUSTERING:EXTRACT_GCF_REPRESENTATIVES (Erwiniaceae)	COMPLETED	19.7s	1
BGC_ANALYSIS:CLUSTERING:CLUSTERING_STATS (Erwiniaceae)	COMPLETED	52ms	1
BGC_ANALYSIS:PHYLOGENY:MERGE_GTDBTK (Erwiniaceae)	COMPLETED	30ms	1
BGC_ANALYSIS:COLLECT_VERSIONS (versions)	COMPLETED	8.3s	1
BGC_ANALYSIS:GCF_BIOSYNTHETIC_TREE (Erwiniaceae)	COMPLETED	1m 15s	4
BGC_ANALYSIS:NOVELTY_SCORE (Erwiniaceae)	COMPLETED	166ms	1
BGC_ANALYSIS:VISUALIZE_RESULTS (Erwiniaceae)	COMPLETED	1.6s	4
