epoch	elapsed_s	free_gb	out_gb	work_gb	mem_used_gb	mem_avail_gb	tasks
1790404050	0	739	1	1	1	55	0
1790404110	60	739	1	1	1	55	0
1790404170	120	739	1	1	1	55	0
1790404230	180	739	1	1	1	55	0
1790404290	240	739	1	1	1	55	0
1790404350	300	739	1	1	1	55	0
1790404410	360	739	1	1	1	55	0
1790404470	420	739	1	1	1	55	0
1790404530	480	739	1	1	1	55	0
1790404590	540	738	1	1	1	54	0
1790404650	600	737	1	2	2	54	0
1790404710	660	737	1	2	2	54	0
1790404770	720	737	1	2	2	54	0
1790404830	780	737	1	2	2	54	0
1790404890	840	737	1	2	2	54	0
1790404950	900	738	1	1	2	54	0
1790405011	961	737	1	2	2	54	0
1790405071	1021	738	1	1	2	54	0
1790405131	1081	738	1	1	2	54	0
1790405191	1141	738	1	2	2	54	0
1790405251	1201	738	1	2	2	54	0
1790405311	1261	738	1	1	2	54	0
1790405371	1321	738	1	2	2	54	0
1790405431	1381	738	1	2	2	54	0
1790405492	1442	737	1	2	2	54	0
1790405552	1502	738	1	2	2	54	0
1790405612	1562	737	1	2	2	54	0
1790405672	1622	737	1	2	2	54	0
1790405732	1682	737	1	2	2	54	0
1790405792	1742	738	1	2	2	54	0
1790405852	1802	738	1	2	2	54	0
1790405912	1862	738	1	2	2	54	0
1790405973	1923	737	1	3	2	54	0
1790406033	1983	738	1	2	2	54	0
1790406093	2043	737	1	2	2	54	0
1790406153	2103	737	1	2	2	54	0
1790406213	2163	737	1	2	2	54	0
1790406273	2223	738	1	2	2	54	0
1790406333	2283	737	1	2	2	54	0
1790406393	2343	737	1	2	2	54	0
1790406454	2404	737	1	2	2	54	0
1790406514	2464	737	1	2	2	54	0
1790406574	2524	737	1	2	2	54	0
1790406634	2584	737	1	3	2	54	0
1790406694	2644	738	1	2	2	54	0
1790406754	2704	738	1	2	2	54	0
1790406814	2764	738	1	2	2	54	0
1790406875	2825	737	1	3	2	54	0
1790406935	2885	737	1	3	2	54	0
1790406995	2945	737	1	3	2	54	0
1790407055	3005	737	1	3	2	54	0
1790407115	3065	737	1	2	2	54	0
1790407175	3125	737	1	2	2	54	0
1790407235	3185	738	1	2	2	54	0
1790407296	3246	737	1	2	2	54	0
1790407356	3306	736	1	3	2	54	0
1790407416	3366	737	1	3	2	54	0
1790407476	3426	737	1	2	2	54	0
1790407536	3486	737	1	2	2	54	0
1790407596	3546	737	1	2	2	54	0
1790407656	3606	737	1	3	2	54	0
1790407716	3666	737	1	2	2	54	0
1790407777	3727	737	1	2	2	54	0
1790407837	3787	737	1	2	2	54	0
1790407897	3847	737	1	3	2	54	0
1790407957	3907	737	1	2	2	54	0
1790408017	3967	737	1	2	2	54	0
1790408077	4027	737	1	2	2	54	0
1790408137	4087	737	1	2	2	54	0
1790408198	4148	737	1	2	2	54	0
1790408258	4208	737	1	3	2	54	0
1790408318	4268	737	2	2	2	54	0
1790408378	4328	737	2	2	2	54	0
1790408438	4388	737	2	2	2	54	0
1790408498	4448	737	2	2	2	54	0
1790408558	4508	737	2	2	2	54	0
1790408618	4568	737	2	2	2	54	0
1790408679	4629	737	2	2	2	54	0
1790408739	4689	737	2	2	2	54	0
1790408799	4749	737	2	2	2	54	0
1790408859	4809	737	2	2	2	54	0
1790408919	4869	737	2	2	2	54	0
1790408979	4929	737	2	3	2	54	0
1790409039	4989	737	2	2	2	54	0
1790409099	5049	737	2	3	2	54	0
1790409160	5110	737	2	2	2	54	0
1790409220	5170	737	2	2	2	54	0
1790409280	5230	737	2	2	2	54	0
1790409340	5290	737	2	2	2	54	0
1790409400	5350	737	2	3	2	54	0
1790409460	5410	736	2	3	2	54	0
1790409520	5470	737	2	3	2	54	0
1790409581	5531	737	2	3	2	54	0
1790409641	5591	737	2	2	2	54	0
1790409701	5651	737	2	2	2	54	0
1790409761	5711	737	2	2	2	54	0
1790409821	5771	737	2	2	2	54	0
1790409881	5831	737	2	2	2	54	0
1790409941	5891	737	2	2	2	54	0
1790410001	5951	737	2	2	2	54	0
1790410062	6012	736	2	3	2	54	0
1790410122	6072	736	2	3	2	54	0
1790410182	6132	737	2	2	2	54	0
1790410242	6192	737	2	2	2	54	0
1790410302	6252	737	2	2	2	54	0
1790410362	6312	736	2	3	2	54	0
1790410422	6372	737	2	3	2	54	0
1790410483	6433	737	2	3	2	54	0
1790410543	6493	737	2	2	2	54	0
1790410603	6553	737	2	2	2	54	0
1790410663	6613	737	2	2	2	54	0
1790410723	6673	736	2	3	2	54	0
1790410783	6733	736	2	3	2	54	0
1790410843	6793	737	2	2	2	54	0
1790410904	6854	737	2	3	2	54	0
1790410964	6914	736	2	3	2	54	0
1790411024	6974	736	2	3	2	54	0
1790411084	7034	736	2	3	2	54	0
1790411144	7094	737	2	3	2	54	0
1790411204	7154	737	2	2	2	54	0
1790411264	7214	737	2	2	2	54	0
1790411325	7275	737	2	2	2	54	0
1790411385	7335	736	2	4	2	54	0
1790411445	7395	737	2	2	2	54	0
1790411505	7455	736	2	3	2	54	0
1790411565	7515	735	2	4	2	54	0
1790411625	7575	736	2	3	2	54	0
1790411685	7635	737	2	2	2	54	0
1790411746	7696	737	2	2	2	54	0
1790411806	7756	737	2	3	2	54	0
1790411866	7816	737	2	2	2	54	0
1790411926	7876	737	2	2	2	54	0
1790411986	7936	737	2	2	2	54	0
1790412046	7996	737	2	3	2	54	0
1790412106	8056	736	2	3	2	54	0
1790412166	8116	737	2	2	2	54	0
1790412227	8177	736	2	3	2	54	0
1790412287	8237	737	2	2	2	54	0
1790412347	8297	737	2	2	2	54	0
1790412407	8357	736	2	3	2	54	0
1790412467	8417	736	2	3	2	54	0
1790412527	8477	736	2	3	2	54	0
1790412587	8537	736	2	3	2	54	0
1790412648	8598	737	2	3	2	54	0
1790412708	8658	737	2	2	2	54	0
1790412768	8718	736	2	3	2	54	0
1790412828	8778	737	2	2	2	54	0
1790412888	8838	736	2	3	2	54	0
1790412948	8898	737	2	2	2	54	0
1790413008	8958	737	2	2	2	54	0
1790413069	9019	737	2	2	2	54	0
1790413129	9079	737	2	2	2	54	0
1790413189	9139	736	2	3	2	54	0
1790413249	9199	737	2	2	2	54	0
1790413309	9259	737	2	2	2	54	0
1790413369	9319	736	2	3	2	54	0
1790413429	9379	737	2	2	2	54	0
1790413490	9440	736	2	3	2	54	0
1790413550	9500	736	2	3	2	54	0
1790413610	9560	737	2	3	2	54	0
1790413670	9620	736	2	3	2	54	0
1790413730	9680	735	2	4	2	54	0
1790413790	9740	737	2	2	2	54	0
1790413850	9800	736	2	3	2	54	0
1790413911	9861	737	2	3	2	54	0
1790413971	9921	737	2	3	2	54	0
1790414031	9981	736	2	3	2	54	0
1790414091	10041	737	2	3	2	54	0
1790414151	10101	736	2	3	2	54	0
1790414211	10161	736	2	3	2	54	0
1790414271	10221	736	2	3	2	54	0
1790414332	10282	737	2	3	2	54	0
1790414392	10342	736	2	3	2	54	0
1790414452	10402	736	2	3	2	54	0
1790414512	10462	736	2	4	2	54	0
1790414572	10522	736	2	3	2	54	0
1790414632	10582	737	2	3	2	54	0
1790414692	10642	737	2	3	2	54	0
1790414753	10703	737	2	3	2	54	0
1790414813	10763	737	2	3	2	54	0
1790414873	10823	737	2	3	2	54	0
1790414933	10883	736	2	3	2	54	0
1790414993	10943	736	2	4	2	54	0
1790415053	11003	736	2	3	2	54	0
1790415113	11063	737	2	3	2	54	0
1790415174	11124	736	2	3	2	54	0
1790415234	11184	737	2	3	2	54	0
1790415294	11244	737	2	3	2	54	0
1790415354	11304	737	2	3	2	54	0
1790415414	11364	736	2	3	2	54	0
1790415474	11424	737	2	3	2	54	0
1790415534	11484	737	2	3	2	54	0
1790415595	11545	736	2	3	2	54	0
1790415655	11605	736	2	3	2	54	0
1790415715	11665	736	2	3	2	54	0
1790415775	11725	736	2	3	2	54	0
1790415835	11785	736	2	3	2	54	0
1790415895	11845	736	2	3	2	54	0
1790415955	11905	736	2	3	2	54	0
1790416016	11966	736	2	3	2	54	0
1790416076	12026	736	2	3	2	54	0
1790416136	12086	736	2	4	2	54	0
1790416196	12146	736	2	3	2	54	0
1790416256	12206	736	2	3	2	54	0
1790416316	12266	736	2	3	2	54	0
1790416376	12326	736	2	3	2	54	0
1790416437	12387	736	2	3	2	54	0
1790416497	12447	736	2	4	2	54	0
1790416557	12507	736	2	3	2	54	0
1790416617	12567	735	2	4	2	54	0
1790416677	12627	736	2	4	2	54	0
1790416737	12687	736	2	3	2	54	0
1790416798	12748	736	2	3	2	54	0
1790416858	12808	736	2	3	2	54	0
1790416918	12868	736	2	4	2	54	0
1790416978	12928	736	2	3	2	54	0
1790417038	12988	735	2	4	2	54	0
1790417098	13048	735	2	4	2	54	0
1790417158	13108	736	2	3	2	54	0
1790417219	13169	736	2	3	2	54	0
1790417279	13229	736	2	3	2	54	0
1790417339	13289	736	2	3	2	54	0
1790417399	13349	736	2	3	2	54	0
1790417459	13409	735	2	4	2	54	0
1790417519	13469	735	2	4	2	54	0
1790417579	13529	736	2	3	2	54	0
1790417640	13590	736	2	3	2	54	0
1790417700	13650	736	2	3	2	54	0
1790417760	13710	736	2	3	2	54	0
1790417820	13770	736	2	3	2	54	0
1790417880	13830	736	2	3	2	54	0
1790417940	13890	735	2	4	2	54	0
1790418000	13950	736	2	3	2	54	0
1790418061	14011	736	2	3	2	54	0
1790418121	14071	736	2	4	2	54	0
1790418181	14131	735	2	4	2	54	0
1790418241	14191	736	2	4	2	54	0
1790418301	14251	736	2	3	2	54	0
1790418361	14311	736	2	3	2	54	0
1790418422	14372	735	2	4	2	54	0
1790418482	14432	736	2	3	2	54	0
1790418542	14492	736	2	3	2	54	0
1790418602	14552	736	2	3	2	54	0
1790418662	14612	736	2	3	2	54	0
1790418722	14672	736	2	3	2	54	0
1790418782	14732	736	2	3	2	54	0
1790418843	14793	736	2	4	2	54	0
1790418903	14853	736	2	3	2	54	0
1790418963	14913	735	2	4	2	54	0
1790419023	14973	736	2	3	2	54	0
1790419083	15033	735	2	4	2	54	0
1790419143	15093	736	2	3	2	54	0
1790419203	15153	736	2	3	2	54	0
1790419264	15214	736	2	4	2	54	0
1790419324	15274	735	2	4	2	54	0
1790419384	15334	735	2	4	2	54	0
1790419444	15394	736	3	3	2	54	0
1790419504	15454	736	3	3	2	54	0
1790419564	15514	736	3	3	2	54	0
1790419625	15575	736	3	3	2	54	0
1790419685	15635	735	3	4	2	54	0
1790419745	15695	736	3	3	2	54	0
1790419805	15755	735	3	4	2	54	0
1790419865	15815	736	3	3	2	54	0
1790419925	15875	736	3	3	2	54	0
1790419985	15935	735	3	4	2	54	0
1790420046	15996	735	3	4	2	54	0
1790420106	16056	736	3	3	2	54	0
1790420166	16116	736	3	3	2	54	0
1790420226	16176	736	3	3	2	54	0
1790420286	16236	736	3	3	2	54	0
1790420346	16296	736	3	3	2	54	0
1790420406	16356	735	3	4	2	54	0
1790420467	16417	736	3	3	2	54	0
1790420527	16477	735	3	4	2	54	0
1790420587	16537	736	3	4	2	54	0
1790420647	16597	736	3	3	2	54	0
1790420707	16657	736	3	3	2	54	0
1790420767	16717	735	3	4	2	54	0
1790420828	16778	736	3	3	2	54	0
1790420888	16838	736	3	3	2	54	0
1790420948	16898	735	3	4	2	54	0
1790421008	16958	735	3	4	2	54	0
1790421068	17018	735	3	4	2	54	0
1790421128	17078	736	3	4	2	54	0
1790421188	17138	736	3	3	2	54	0
1790421249	17199	735	3	4	2	54	0
1790421309	17259	736	3	4	2	54	0
1790421369	17319	735	3	4	2	54	0
1790421429	17379	736	3	4	2	54	0
1790421489	17439	736	3	4	2	54	0
1790421549	17499	736	3	4	2	54	0
1790421610	17560	736	3	4	2	54	0
1790421670	17620	735	3	4	2	54	0
1790421730	17680	736	3	4	2	54	0
1790421790	17740	735	3	4	2	54	0
1790421851	17801	735	3	4	2	54	0
1790421911	17861	736	3	4	2	54	0
1790421971	17921	736	3	4	2	54	0
1790422031	17981	735	3	4	2	54	0
1790422091	18041	735	3	4	2	54	0
1790422151	18101	735	3	4	2	54	0
1790422211	18161	735	3	4	2	54	0
1790422272	18222	735	3	4	2	54	0
1790422332	18282	736	3	4	2	54	0
1790422392	18342	735	3	5	2	54	0
1790422452	18402	735	3	4	2	54	0
1790422512	18462	734	3	5	2	54	0
1790422572	18522	735	3	4	2	54	0
1790422633	18583	735	3	4	2	54	0
1790422693	18643	735	3	5	2	54	0
1790422753	18703	735	3	4	2	54	0
1790422813	18763	736	3	4	2	54	0
1790422873	18823	735	3	5	2	54	0
1790422933	18883	736	3	4	2	54	0
1790422994	18944	736	3	4	2	54	0
1790423054	19004	734	3	5	2	54	0
1790423114	19064	735	3	5	2	54	0
1790423174	19124	736	3	4	2	54	0
1790423234	19184	735	3	5	2	54	0
1790423294	19244	735	3	4	2	54	0
1790423355	19305	735	3	4	2	54	0
1790423415	19365	735	3	4	2	54	0
1790423475	19425	735	3	4	2	54	0
1790423535	19485	735	3	4	2	54	0
1790423595	19545	735	3	4	2	54	0
1790423655	19605	734	3	5	2	54	0
1790423716	19666	735	3	4	2	54	0
1790423776	19726	734	3	5	2	54	0
1790423836	19786	734	3	5	2	54	0
1790423896	19846	735	3	4	2	54	0
1790423956	19906	735	3	4	2	54	0
1790424016	19966	735	3	4	2	54	0
1790424076	20026	735	3	5	2	54	0
1790424137	20087	734	3	5	2	54	0
1790424197	20147	734	3	5	2	54	0
1790424257	20207	735	3	4	2	54	0
1790424317	20267	735	3	4	2	54	0
1790424377	20327	735	3	5	2	54	0
1790424437	20387	735	3	5	2	54	0
1790424498	20448	735	3	4	2	54	0
1790424558	20508	735	3	5	2	54	0
1790424618	20568	734	3	5	2	54	0
1790424678	20628	734	3	5	2	54	0
1790424738	20688	734	3	5	2	54	0
1790424798	20748	734	3	5	2	54	0
1790424859	20809	735	3	4	2	54	0
1790424919	20869	735	3	4	2	54	0
1790424979	20929	734	3	5	2	54	0
1790425039	20989	735	3	5	2	54	0
1790425099	21049	734	3	5	2	54	0
1790425159	21109	734	3	5	2	54	0
1790425220	21170	735	3	4	2	54	0
1790425280	21230	735	3	4	2	54	0
1790425340	21290	735	3	4	2	54	0
1790425400	21350	735	3	4	2	54	0
1790425461	21411	735	3	4	2	54	0
1790425522	21472	734	3	5	2	54	0
1790425582	21532	734	3	5	2	54	0
1790425642	21592	735	3	4	2	54	0
1790425703	21653	734	3	5	2	54	0
1790425763	21713	734	3	5	2	54	0
1790425823	21773	734	3	5	2	54	0
1790425883	21833	735	3	4	2	54	0
1790425943	21893	735	3	4	2	54	0
1790426004	21954	735	3	4	2	54	0
1790426064	22014	734	3	5	2	54	0
1790426124	22074	735	3	4	2	54	0
1790426185	22135	735	3	4	2	54	0
1790426245	22195	734	3	5	2	54	0
1790426305	22255	734	3	5	2	54	0
1790426365	22315	734	3	5	2	54	0
1790426425	22375	735	3	5	2	54	0
1790426486	22436	734	3	5	2	54	0
1790426546	22496	734	3	5	2	54	0
1790426606	22556	735	3	5	2	54	0
1790426666	22616	735	3	5	2	54	0
1790426727	22677	735	3	5	2	54	0
1790426788	22738	735	3	5	2	54	0
1790426849	22799	735	3	5	2	54	0
1790426909	22859	733	3	6	2	54	0
1790426969	22919	735	3	5	2	54	0
1790427030	22980	734	3	5	2	54	0
1790427090	23040	734	3	5	2	54	0
1790427151	23101	734	3	5	2	54	0
1790427211	23161	734	3	5	2	54	0
1790427272	23222	735	3	5	2	54	0
1790427333	23283	734	4	5	2	54	0
1790427393	23343	734	4	5	2	54	0
1790427453	23403	735	4	5	2	54	0
1790427513	23463	735	4	5	2	54	0
1790427573	23523	735	4	5	2	54	0
1790427633	23583	734	4	5	2	54	0
1790427694	23644	734	4	5	2	54	0
1790427754	23704	735	4	5	2	54	0
1790427814	23764	734	4	5	2	54	0
1790427874	23824	735	4	5	2	54	0
1790427934	23884	734	4	5	2	54	0
1790427994	23944	734	4	6	2	54	0
1790428055	24005	735	4	5	2	54	0
1790428115	24065	733	4	6	2	54	0
1790428175	24125	734	4	5	2	54	0
1790428235	24185	734	4	6	2	54	0
1790428295	24245	733	4	6	2	54	0
1790428355	24305	734	4	5	2	54	0
1790428416	24366	734	4	6	2	54	0
1790428476	24426	734	4	5	2	54	0
1790428536	24486	734	4	5	2	54	0
1790428596	24546	734	4	6	2	54	0
1790428656	24606	734	4	5	2	54	0
1790428717	24667	734	4	5	2	54	0
1790428777	24727	734	4	6	2	54	0
1790428837	24787	733	4	6	2	54	0
1790428897	24847	734	4	6	2	54	0
1790428957	24907	733	4	7	2	54	0
1790429017	24967	734	4	6	2	54	0
1790429078	25028	734	4	5	2	54	0
1790429138	25088	734	4	5	2	54	0
1790429198	25148	734	4	5	2	54	0
1790429259	25209	734	4	5	2	54	0
1790429319	25269	734	4	6	2	54	0
1790429379	25329	734	4	5	2	54	0
1790429439	25389	734	4	5	2	54	0
1790429499	25449	734	4	6	2	54	0
1790429560	25510	734	4	5	2	54	0
1790429620	25570	733	4	6	2	54	0
1790429680	25630	734	4	5	2	54	0
1790429740	25690	734	4	6	2	54	0
1790429800	25750	733	4	6	2	54	0
1790429860	25810	734	4	5	2	54	0
1790429921	25871	733	4	6	2	54	0
1790429981	25931	734	4	6	2	54	0
1790430041	25991	734	4	5	2	54	0
1790430101	26051	733	4	6	2	54	0
1790430161	26111	733	4	6	2	54	0
1790430221	26171	733	4	6	2	54	0
1790430282	26232	733	4	6	2	54	0
1790430342	26292	734	4	5	2	54	0
1790430402	26352	734	4	5	2	54	0
1790430462	26412	733	4	6	2	54	0
1790430522	26472	733	4	6	2	54	0
1790430582	26532	733	4	6	2	54	0
1790430643	26593	732	4	7	2	54	0
1790430703	26653	734	4	5	2	54	0
1790430763	26713	732	4	7	2	54	0
1790430823	26773	734	4	6	2	54	0
1790430884	26834	734	4	5	2	54	0
1790430944	26894	733	4	6	2	54	0
1790431004	26954	734	4	6	2	54	0
1790431064	27014	733	4	6	2	54	0
1790431125	27075	734	4	5	2	54	0
1790431185	27135	733	4	6	2	54	0
1790431245	27195	733	4	6	2	54	0
1790431305	27255	733	4	7	2	54	0
1790431366	27316	733	4	6	2	54	0
1790431426	27376	734	4	5	2	54	0
1790431486	27436	734	4	5	2	54	0
1790431547	27497	733	4	6	2	54	0
1790431607	27557	733	4	6	2	54	0
1790431668	27618	734	4	5	2	54	0
1790431728	27678	733	4	6	2	54	0
1790431790	27740	734	4	6	2	54	0
1790431850	27800	733	4	7	2	54	0
1790431910	27860	734	4	6	2	54	0
1790431971	27921	732	4	7	2	54	0
1790432031	27981	733	4	6	2	54	0
1790432091	28041	734	4	5	2	54	0
1790432151	28101	734	4	5	2	54	0
1790432211	28161	733	4	6	2	54	0
1790432271	28221	733	4	6	2	54	0
1790432332	28282	732	4	7	2	54	0
1790432392	28342	734	4	6	2	54	0
1790432452	28402	733	4	6	2	54	0
1790432512	28462	733	4	6	2	54	0
1790432572	28522	732	4	7	2	54	0
1790432633	28583	733	4	6	2	54	0
1790432693	28643	733	4	6	2	54	0
1790432753	28703	733	4	6	2	54	0
1790432813	28763	733	4	6	2	54	0
1790432873	28823	733	4	6	2	54	0
1790432934	28884	733	4	6	2	54	0
1790432995	28945	733	4	6	2	54	0
1790433055	29005	733	4	6	2	54	0
1790433115	29065	732	4	7	2	54	0
1790433176	29126	734	4	6	2	54	0
1790433236	29186	733	4	6	2	54	0
1790433297	29247	733	4	7	2	54	0
1790433357	29307	734	5	6	2	54	0
1790433417	29367	733	5	6	2	54	0
1790433478	29428	734	5	6	2	54	0
1790433538	29488	733	5	6	2	54	0
1790433598	29548	733	5	6	2	54	0
1790433658	29608	733	5	6	2	54	0
1790433718	29668	734	5	6	2	54	0
1790433778	29728	732	5	7	2	54	0
1790433839	29789	733	5	6	2	54	0
1790433899	29849	733	5	7	2	54	0
1790433959	29909	733	5	6	2	54	0
1790434020	29970	733	5	6	2	54	0
1790434080	30030	732	5	7	2	54	0
1790434140	30090	733	5	6	2	54	0
1790434200	30150	733	5	6	2	54	0
1790434260	30210	733	5	7	2	54	0
1790434321	30271	733	5	6	2	54	0
1790434381	30331	733	5	6	2	54	0
1790434441	30391	733	5	6	2	54	0
1790434502	30452	733	5	6	2	54	0
1790434562	30512	733	5	6	2	54	0
1790434623	30573	733	5	6	2	54	0
1790434683	30633	733	5	6	2	54	0
1790434744	30694	733	5	6	2	54	0
1790434804	30754	733	5	6	2	54	0
1790434864	30814	733	5	6	2	54	0
1790434924	30874	733	5	7	2	54	0
1790434986	30936	733	5	7	2	54	0
1790435047	30997	733	5	6	2	54	0
1790435108	31058	732	5	7	2	54	0
1790435169	31119	732	5	7	2	54	0
1790435230	31180	733	5	6	2	54	0
1790435291	31241	733	5	6	2	54	0
1790435352	31302	733	5	6	2	54	0
1790435412	31362	732	5	7	2	54	0
1790435474	31424	733	5	6	2	54	0
1790435535	31485	732	5	7	2	54	0
1790435596	31546	732	5	7	2	54	0
1790435657	31607	733	5	6	2	54	0
1790435717	31667	733	5	6	2	54	0
1790435778	31728	732	5	7	2	54	0
1790435839	31789	733	5	6	2	54	0
1790435900	31850	732	5	7	2	54	0
1790435962	31912	733	5	6	2	54	0
1790436023	31973	733	5	6	2	54	0
1790436083	32033	733	5	6	2	54	0
1790436145	32095	733	5	7	2	54	0
1790436206	32156	732	5	7	2	54	0
1790436267	32217	732	5	7	2	54	0
1790436327	32277	733	5	6	2	54	0
1790436389	32339	733	5	6	2	54	0
1790436450	32400	733	5	6	2	54	0
1790436511	32461	732	5	7	2	54	0
1790436572	32522	733	5	6	2	54	0
1790436634	32584	733	5	6	2	54	0
1790436695	32645	732	5	7	2	54	0
1790436756	32706	732	5	7	2	54	0
1790436817	32767	732	5	7	2	54	0
1790436878	32828	733	5	6	2	54	0
1790436939	32889	732	5	7	2	54	0
1790437000	32950	733	5	6	2	54	0
1790437062	33012	732	5	7	2	54	0
1790437123	33073	733	5	6	2	54	0
1790437184	33134	732	5	7	2	54	0
1790437245	33195	733	5	7	2	54	0
1790437306	33256	733	5	6	2	54	0
1790437367	33317	733	5	6	2	54	0
1790437428	33378	733	5	7	2	54	0
1790437489	33439	733	5	7	2	54	0
1790437551	33501	733	5	6	2	54	0
1790437612	33562	732	5	7	2	54	0
1790437673	33623	732	5	7	2	54	0
1790437734	33684	733	5	7	2	54	0
1790437795	33745	732	5	7	2	54	0
1790437857	33807	732	5	7	2	54	0
1790437918	33868	732	5	7	2	54	0
1790437979	33929	732	5	8	2	54	0
1790438041	33991	733	5	7	2	54	0
1790438102	34052	733	5	7	2	54	0
1790438163	34113	732	5	8	2	54	0
1790438224	34174	732	5	8	2	54	0
1790438285	34235	732	5	7	2	54	0
1790438346	34296	733	5	7	2	54	0
1790438408	34358	732	5	7	2	54	0
1790438469	34419	733	5	7	2	54	0
1790438530	34480	733	5	7	2	54	0
1790438591	34541	732	5	7	2	54	0
1790438652	34602	733	5	7	2	54	0
1790438713	34663	733	5	7	2	54	0
1790438775	34725	732	5	8	2	54	0
1790438836	34786	733	5	7	2	54	0
1790438897	34847	732	5	8	2	54	0
1790438959	34909	732	5	8	2	54	0
1790439020	34970	732	5	7	2	54	0
1790439081	35031	732	5	7	2	54	0
1790439142	35092	731	5	8	2	54	0
1790439202	35152	733	5	7	2	54	0
1790439262	35212	731	5	8	2	54	0
1790439323	35273	732	5	7	2	54	0
1790439384	35334	732	5	8	2	54	0
1790439445	35395	731	5	8	2	54	0
1790439507	35457	732	5	7	2	54	0
1790439568	35518	732	5	7	2	54	0
1790439629	35579	732	5	7	2	54	0
1790439690	35640	732	5	7	2	54	0
1790439751	35701	732	5	7	2	54	0
1790439812	35762	732	5	7	2	54	0
1790439873	35823	732	5	8	2	54	0
1790439934	35884	731	5	9	2	54	0
1790439995	35945	732	5	8	2	54	0
1790440056	36006	732	5	8	2	54	0
1790440117	36067	732	5	8	2	54	0
1790440179	36129	732	5	8	2	54	0
1790440239	36189	732	6	7	2	54	0
1790440301	36251	732	6	8	2	54	0
1790440362	36312	732	6	7	2	54	0
1790440423	36373	732	6	7	2	54	0
1790440484	36434	732	6	7	2	54	0
1790440546	36496	731	6	8	2	54	0
1790440607	36557	732	6	8	2	54	0
1790440668	36618	732	6	8	2	54	0
1790440729	36679	732	6	8	2	54	0
1790440790	36740	732	6	8	2	54	0
1790440852	36802	731	6	8	2	54	0
1790440913	36863	731	6	8	2	54	0
1790440973	36923	732	6	7	2	54	0
1790441035	36985	730	6	9	2	54	0
1790441096	37046	732	6	7	2	54	0
1790441157	37107	732	6	7	2	54	0
1790441218	37168	731	6	8	2	54	0
1790441280	37230	731	6	8	2	54	0
1790441341	37291	731	6	8	2	54	0
1790441402	37352	731	6	8	2	54	0
1790441463	37413	731	6	8	2	54	0
1790441524	37474	731	6	8	2	54	0
1790441585	37535	731	6	8	2	54	0
1790441646	37596	731	6	8	2	54	0
1790441708	37658	732	6	8	2	54	0
1790441769	37719	732	6	7	2	54	0
1790441830	37780	731	6	8	2	54	0
1790441891	37841	732	6	7	2	54	0
1790441953	37903	732	6	7	2	54	0
1790442014	37964	731	6	8	2	54	0
1790442075	38025	732	6	7	2	54	0
1790442136	38086	731	6	8	2	54	0
1790442198	38148	731	6	8	2	54	0
1790442259	38209	732	6	7	2	54	0
1790442320	38270	731	6	8	2	54	0
1790442381	38331	731	6	8	2	54	0
1790442442	38392	732	6	7	2	54	0
1790442504	38454	731	6	8	2	54	0
1790442565	38515	730	6	9	2	54	0
1790442626	38576	732	6	7	2	54	0
1790442688	38638	731	6	8	2	54	0
1790442748	38698	732	6	8	2	54	0
1790442810	38760	732	6	7	2	54	0
1790442871	38821	732	6	7	2	54	0
1790442932	38882	731	6	8	2	54	0
1790442994	38944	730	6	9	2	54	0
1790443055	39005	731	6	8	2	54	0
1790443117	39067	732	6	7	2	54	0
1790443178	39128	731	6	8	2	54	0
1790443239	39189	731	6	8	2	54	0
1790443300	39250	731	6	8	2	54	0
1790443361	39311	730	6	9	2	54	0
1790443423	39373	732	6	8	2	54	0
1790443484	39434	731	6	8	2	54	0
1790443546	39496	730	6	9	2	54	0
1790443607	39557	731	6	8	2	54	0
1790443668	39618	731	6	8	2	54	0
1790443729	39679	731	6	8	2	54	0
1790443791	39741	731	6	8	2	54	0
1790443852	39802	731	6	8	2	54	0
1790443913	39863	732	6	8	2	54	0
1790443975	39925	731	6	8	2	54	0
1790444036	39986	731	6	8	2	54	0
1790444097	40047	731	6	8	2	54	0
1790444158	40108	732	6	8	2	54	0
1790444219	40169	732	6	8	2	54	0
1790444281	40231	731	6	9	2	54	0
1790444342	40292	731	6	8	2	54	0
1790444404	40354	731	6	8	2	54	0
1790444465	40415	732	6	8	2	54	0
1790444526	40476	732	6	8	2	54	0
1790444588	40538	731	6	8	2	54	0
1790444649	40599	731	6	9	2	54	0
1790444710	40660	731	6	9	2	54	0
1790444771	40721	732	6	8	2	54	0
1790444833	40783	730	6	9	2	54	0
1790444894	40844	731	6	8	2	54	0
1790444956	40906	731	6	9	2	54	0
1790445017	40967	731	6	8	2	54	0
1790445078	41028	731	6	9	2	54	0
1790445139	41089	731	6	8	2	54	0
1790445201	41151	730	6	9	2	54	0
1790445262	41212	731	6	9	2	54	0
1790445324	41274	730	6	9	2	54	0
1790445385	41335	731	6	8	2	54	0
1790445446	41396	731	6	8	2	54	0
1790445508	41458	729	6	10	2	54	0
1790445569	41519	731	6	8	2	54	0
1790445630	41580	731	6	9	2	54	0
1790445691	41641	731	6	8	2	54	0
1790445752	41702	731	6	8	2	54	0
1790445814	41764	730	6	9	2	54	0
1790445874	41824	731	6	8	2	54	0
1790445934	41884	731	6	8	2	54	0
1790445994	41944	731	6	8	2	54	0
1790446055	42005	731	6	8	2	54	0
1790446115	42065	730	6	9	2	54	0
1790446175	42125	731	6	9	2	54	0
1790446235	42185	730	6	9	2	54	0
1790446296	42246	731	6	8	2	54	0
1790446356	42306	730	6	9	2	54	0
1790446416	42366	730	6	8	2	54	0
1790446477	42427	731	6	9	2	54	0
1790446538	42488	730	6	9	2	54	0
1790446599	42549	731	6	9	2	54	0
1790446660	42610	730	6	9	2	54	0
1790446721	42671	730	6	9	2	54	0
1790446782	42732	731	6	8	2	54	0
1790446844	42794	731	6	8	2	54	0
1790446905	42855	731	6	9	2	54	0
1790446965	42915	731	6	8	2	54	0
1790447026	42976	731	6	8	2	54	0
1790447087	43037	731	6	8	2	54	0
1790447147	43097	730	6	9	2	54	0
1790447209	43159	731	6	8	2	54	0
1790447270	43220	731	6	8	2	54	0
1790447330	43280	730	6	9	2	54	0
1790447392	43342	730	6	9	2	54	0
1790447453	43403	731	6	8	2	54	0
1790447514	43464	730	6	9	2	54	0
1790447575	43525	730	6	9	2	54	0
1790447636	43586	730	6	10	2	54	0
1790447697	43647	730	7	9	2	54	0
1790447758	43708	731	7	8	2	54	0
1790447820	43770	730	7	9	2	54	0
1790447881	43831	730	7	9	2	54	0
1790447942	43892	730	7	9	2	54	0
1790448004	43954	731	7	8	2	54	0
1790448065	44015	730	7	9	2	54	0
1790448126	44076	731	7	8	2	54	0
1790448187	44137	730	7	9	2	54	0
1790448249	44199	730	7	9	2	54	0
1790448310	44260	731	7	8	2	54	0
1790448371	44321	731	7	8	2	54	0
1790448432	44382	731	7	8	2	54	0
1790448493	44443	730	7	9	2	54	0
1790448555	44505	730	7	9	2	54	0
1790448616	44566	730	7	9	2	54	0
1790448677	44627	730	7	9	2	54	0
1790448738	44688	731	7	8	2	54	0
1790448800	44750	731	7	8	2	54	0
1790448861	44811	731	7	9	2	54	0
1790448922	44872	730	7	9	2	54	0
1790448983	44933	730	7	9	2	54	0
1790449044	44994	731	7	8	2	54	0
1790449106	45056	730	7	9	2	54	0
1790449167	45117	730	7	9	2	54	0
1790449229	45179	730	7	9	2	54	0
1790449290	45240	731	7	8	2	54	0
1790449351	45301	731	7	8	2	54	0
1790449413	45363	730	7	9	2	54	0
1790449474	45424	731	7	8	2	54	0
1790449535	45485	730	7	9	2	54	0
1790449597	45547	730	7	9	2	54	0
1790449658	45608	731	7	9	2	54	0
1790449719	45669	731	7	8	2	54	0
1790449781	45731	730	7	9	2	54	0
1790449842	45792	730	7	9	2	54	0
1790449903	45853	730	7	9	2	54	0
1790449965	45915	730	7	9	2	54	0
1790450026	45976	730	7	9	2	54	0
1790450087	46037	731	7	9	2	54	0
1790450149	46099	731	7	9	2	54	0
1790450210	46160	731	7	9	2	54	0
1790450272	46222	730	7	9	2	54	0
1790450333	46283	730	7	9	2	54	0
1790450394	46344	731	7	9	2	54	0
1790450456	46406	730	7	10	2	54	0
1790450517	46467	731	7	9	2	54	0
1790450579	46529	729	7	10	2	54	0
1790450640	46590	730	7	9	2	54	0
1790450701	46651	731	7	9	2	54	0
1790450763	46713	730	7	9	2	54	0
1790450823	46773	730	7	10	2	54	0
1790450884	46834	731	7	9	2	54	0
1790450944	46894	730	7	9	2	54	0
1790451004	46954	730	7	10	2	54	0
1790451065	47015	730	7	9	2	54	0
1790451125	47075	730	7	10	2	54	0
1790451186	47136	730	7	10	2	54	0
1790451246	47196	730	7	9	2	54	0
1790451306	47256	730	7	9	2	54	0
1790451367	47317	730	7	9	2	54	0
1790451428	47378	730	7	9	2	54	0
1790451490	47440	730	7	9	2	54	0
1790451551	47501	730	7	9	2	54	0
1790451612	47562	730	7	9	2	54	0
1790451673	47623	730	7	9	2	54	0
1790451734	47684	730	7	9	2	54	0
1790451795	47745	730	7	10	2	54	0
1790451857	47807	730	7	10	2	54	0
1790451918	47868	730	7	9	2	54	0
1790451978	47928	730	7	10	2	54	0
1790452038	47988	730	7	9	2	54	0
1790452098	48048	730	7	9	2	54	0
1790452159	48109	730	7	10	2	54	0
1790452219	48169	729	7	10	2	54	0
1790452279	48229	729	7	10	2	54	0
1790452340	48290	729	7	10	2	54	0
1790452400	48350	728	7	11	2	54	0
1790452461	48411	729	7	10	2	54	0
1790452521	48471	730	7	10	2	54	0
1790452582	48532	730	7	9	2	54	0
1790452643	48593	730	7	9	2	54	0
1790452705	48655	729	7	10	2	54	0
1790452766	48716	729	7	10	2	54	0
1790452827	48777	729	7	10	2	54	0
1790452889	48839	730	7	9	2	54	0
1790452950	48900	730	7	9	2	54	0
1790453011	48961	730	7	9	2	54	0
1790453072	49022	730	7	9	2	54	0
1790453132	49082	730	7	9	2	54	0
1790453194	49144	730	7	9	2	54	0
1790453255	49205	730	7	9	2	54	0
1790453316	49266	729	7	10	2	54	0
1790453377	49327	730	7	9	2	54	0
1790453438	49388	730	7	9	2	54	0
1790453500	49450	729	7	10	2	54	0
1790453560	49510	730	7	9	2	54	0
1790453622	49572	730	7	10	2	54	0
1790453683	49633	729	7	10	2	54	0
1790453744	49694	729	7	10	2	54	0
1790453806	49756	730	7	9	2	54	0
1790453867	49817	730	7	9	2	54	0
1790453929	49879	729	7	10	2	54	0
1790453990	49940	729	7	10	2	54	0
1790454051	50001	729	8	10	2	54	0
1790454112	50062	730	8	9	2	54	0
1790454174	50124	730	8	9	2	54	0
1790454235	50185	730	8	9	2	54	0
1790454297	50247	730	8	9	2	54	0
1790454358	50308	729	8	10	2	54	0
1790454419	50369	728	8	11	2	54	0
1790454480	50430	729	8	10	2	54	0
1790454541	50491	729	8	10	2	54	0
1790454603	50553	729	8	10	2	54	0
1790454664	50614	729	8	10	2	54	0
1790454726	50676	729	8	10	2	54	0
1790454787	50737	730	8	10	2	54	0
1790454849	50799	729	8	10	2	54	0
1790454910	50860	730	8	9	2	54	0
1790454971	50921	729	8	11	2	54	0
1790455033	50983	730	8	10	2	54	0
1790455094	51044	729	8	10	2	54	0
1790455156	51106	729	8	11	2	54	0
1790455217	51167	729	8	11	2	54	0
1790455279	51229	729	8	10	2	54	0
1790455340	51290	729	8	10	2	54	0
1790455401	51351	729	8	10	2	54	0
1790455463	51413	729	8	11	2	54	0
1790455525	51475	730	8	10	2	54	0
1790455586	51536	729	8	10	2	54	0
1790455648	51598	729	8	10	2	54	0
1790455709	51659	729	8	11	2	54	0
1790455770	51720	729	8	10	2	54	0
1790455832	51782	729	8	10	2	54	0
1790455893	51843	729	8	11	2	54	0
1790455955	51905	729	8	11	2	54	0
1790456016	51966	729	8	10	2	54	0
1790456078	52028	729	8	11	2	54	0
1790456138	52088	729	8	11	2	54	0
1790456200	52150	729	8	11	2	54	0
1790456261	52211	729	8	10	2	54	0
1790456323	52273	729	8	10	2	54	0
1790456384	52334	729	8	11	2	54	0
1790456445	52395	729	8	11	2	54	0
1790456506	52456	729	8	10	2	54	0
1790456568	52518	728	8	11	2	54	0
1790456629	52579	729	8	11	2	54	0
1790456690	52640	729	8	10	2	54	0
1790456751	52701	729	8	11	2	54	0
1790456812	52762	729	8	10	2	54	0
1790456873	52823	729	8	10	2	54	0
1790456934	52884	729	8	11	2	54	0
1790456994	52944	728	8	11	2	54	0
1790457054	53004	729	8	11	2	54	0
1790457115	53065	728	8	11	2	54	0
1790457177	53127	729	8	10	2	54	0
1790457238	53188	729	8	10	2	54	0
1790457299	53249	728	8	11	2	54	0
1790457360	53310	729	8	10	2	54	0
1790457421	53371	729	8	10	2	54	0
1790457483	53433	729	8	10	2	54	0
1790457544	53494	728	8	11	2	54	0
1790457605	53555	728	8	11	2	54	0
1790457667	53617	729	8	10	2	54	0
1790457728	53678	729	8	10	2	54	0
1790457789	53739	728	8	11	2	54	0
1790457851	53801	728	8	11	2	54	0
1790457912	53862	729	8	10	2	54	0
1790457974	53924	728	8	11	2	54	0
1790458035	53985	728	8	11	2	54	0
1790458097	54047	728	8	11	2	54	0
1790458159	54109	728	8	11	2	54	0
1790458219	54169	728	8	11	2	54	0
1790458281	54231	728	8	11	2	54	0
1790458342	54292	728	8	11	2	54	0
1790458403	54353	729	8	10	2	54	0
1790458464	54414	728	8	11	2	54	0
1790458525	54475	728	8	11	2	54	0
1790458586	54536	729	8	10	2	54	0
1790458647	54597	728	8	11	2	54	0
1790458708	54658	729	8	10	2	54	0
1790458769	54719	729	8	10	2	54	0
1790458830	54780	729	8	10	2	54	0
1790458892	54842	729	8	10	2	54	0
1790458953	54903	728	8	11	2	54	0
1790459014	54964	728	8	11	2	54	0
1790459076	55026	729	8	10	2	54	0
1790459137	55087	728	8	11	2	54	0
1790459198	55148	728	8	11	2	54	0
1790459260	55210	729	8	11	2	54	0
1790459321	55271	729	8	10	2	54	0
1790459383	55333	729	8	10	2	54	0
1790459444	55394	728	8	11	2	54	0
1790459505	55455	729	8	11	2	54	0
1790459567	55517	729	8	10	2	54	0
1790459628	55578	728	8	11	2	54	0
1790459689	55639	727	8	12	2	54	0
1790459751	55701	728	8	12	2	54	0
1790459812	55762	728	8	11	2	54	0
1790459874	55824	728	8	11	2	54	0
1790459935	55885	729	8	11	2	54	0
1790459997	55947	728	8	11	2	54	0
1790460058	56008	728	8	11	2	54	0
1790460119	56069	727	8	12	2	54	0
1790460181	56131	728	8	11	2	54	0
1790460242	56192	729	8	11	2	54	0
1790460304	56254	728	8	11	2	54	0
1790460365	56315	728	8	11	2	54	0
1790460426	56376	728	8	11	2	54	0
1790460488	56438	727	9	12	2	54	0
1790460549	56499	728	9	12	2	54	0
1790460610	56560	728	9	11	2	54	0
1790460672	56622	728	9	11	2	54	0
1790460733	56683	728	9	11	2	54	0
1790460793	56743	728	9	11	2	54	0
1790460854	56804	728	9	11	2	54	0
1790460914	56864	728	9	11	2	54	0
1790460975	56925	729	9	11	2	54	0
1790461036	56986	728	9	11	2	54	0
1790461097	57047	728	9	11	2	54	0
1790461158	57108	728	9	12	2	54	0
1790461219	57169	728	9	11	2	54	0
1790461280	57230	728	9	11	2	54	0
1790461341	57291	727	9	12	2	54	0
1790461402	57352	727	9	12	2	54	0
1790461464	57414	729	9	11	2	54	0
1790461525	57475	727	9	12	2	54	0
1790461586	57536	727	9	12	2	54	0
1790461648	57598	727	9	12	2	54	0
1790461709	57659	728	9	12	2	54	0
1790461770	57720	727	9	12	2	54	0
1790461832	57782	728	9	12	2	54	0
1790461893	57843	728	9	11	2	54	0
1790461955	57905	728	9	11	2	54	0
1790462016	57966	728	9	12	2	54	0
1790462078	58028	728	9	11	2	54	0
1790462140	58090	728	9	12	2	54	0
1790462200	58150	728	9	11	2	54	0
1790462262	58212	728	9	11	2	54	0
1790462323	58273	728	9	11	2	54	0
1790462385	58335	728	9	11	2	54	0
1790462446	58396	727	9	12	2	54	0
1790462508	58458	728	9	11	2	54	0
1790462569	58519	728	9	12	2	54	0
1790462631	58581	727	9	12	2	54	0
1790462692	58642	728	9	11	2	54	0
1790462753	58703	727	9	12	2	54	0
1790462815	58765	728	9	11	2	54	0
1790462876	58826	727	9	12	2	54	0
1790462938	58888	728	9	11	2	54	0
1790462999	58949	728	9	11	2	54	0
1790463061	59011	727	9	12	2	54	0
1790463122	59072	727	9	12	2	54	0
1790463183	59133	727	9	12	2	54	0
1790463245	59195	727	9	12	2	54	0
1790463307	59257	728	9	11	2	54	0
1790463368	59318	728	9	11	2	54	0
1790463430	59380	728	9	11	2	54	0
1790463492	59442	728	9	11	2	54	0
1790463553	59503	728	9	11	2	54	0
1790463614	59564	728	9	11	2	54	0
1790463676	59626	728	9	11	2	54	0
1790463737	59687	727	9	12	2	54	0
1790463799	59749	727	9	12	2	54	0
1790463860	59810	727	9	12	2	54	0
1790463922	59872	728	9	11	2	54	0
1790463983	59933	727	9	12	2	54	0
1790464044	59994	727	9	12	2	54	0
1790464106	60056	728	9	11	2	54	0
1790464168	60118	726	9	13	2	54	0
1790464229	60179	728	9	12	2	54	0
1790464290	60240	727	9	12	2	54	0
1790464352	60302	727	9	12	2	54	0
1790464414	60364	727	9	12	2	54	0
1790464476	60426	727	9	12	2	54	0
1790464537	60487	727	9	12	2	54	0
1790464599	60549	728	9	11	2	54	0
1790464661	60611	727	9	12	2	54	0
1790464722	60672	726	9	13	2	54	0
1790464783	60733	727	9	12	2	54	0
1790464845	60795	727	9	12	2	54	0
1790464906	60856	728	9	12	2	54	0
1790464968	60918	727	9	13	2	54	0
1790465029	60979	728	9	12	2	54	0
1790465091	61041	727	9	12	2	54	0
1790465153	61103	727	9	12	2	54	0
1790465214	61164	728	9	12	2	54	0
1790465275	61225	727	9	12	2	54	0
1790465337	61287	728	9	12	2	54	0
1790465398	61348	728	9	12	2	54	0
1790465460	61410	727	9	12	2	54	0
1790465522	61472	728	9	12	2	54	0
1790465583	61533	727	9	12	2	54	0
1790465645	61595	728	9	12	2	54	0
1790465706	61656	727	9	12	2	54	0
1790465767	61717	727	9	12	2	54	0
1790465829	61779	727	9	12	2	54	0
1790465891	61841	728	9	12	2	54	0
1790465952	61902	727	9	13	2	54	0
1790466014	61964	727	9	12	2	54	0
1790466076	62026	727	9	13	2	54	0
1790466137	62087	727	9	12	2	54	0
1790466198	62148	727	9	12	2	54	0
1790466260	62210	727	10	13	2	54	0
1790466322	62272	727	10	13	2	54	0
1790466383	62333	726	10	14	2	53	0
1790466444	62394	727	10	12	2	54	0
1790466505	62455	727	10	12	2	54	0
1790466566	62516	726	10	13	2	54	0
1790466627	62577	727	10	12	2	54	0
1790466688	62638	727	10	13	2	54	0
1790466749	62699	727	10	12	2	54	0
1790466811	62761	727	10	12	2	54	0
1790466872	62822	727	10	13	2	54	0
1790466933	62883	727	10	12	2	54	0
1790466995	62945	727	10	12	2	54	0
1790467056	63006	727	10	12	2	54	0
1790467117	63067	726	10	13	2	54	0
1790467179	63129	727	10	12	2	54	0
1790467240	63190	726	10	13	2	54	0
1790467302	63252	727	10	12	2	54	0
1790467363	63313	727	10	12	2	54	0
1790467424	63374	726	10	13	2	54	0
1790467486	63436	727	10	13	2	54	0
1790467547	63497	727	10	12	2	54	0
1790467608	63558	727	10	12	2	54	0
1790467669	63619	727	10	13	2	54	0
1790467730	63680	727	10	12	2	54	0
1790467790	63740	727	10	13	2	54	0
1790467850	63800	726	10	13	2	54	0
1790467911	63861	727	10	13	2	54	0
1790467971	63921	726	10	13	2	54	0
1790468032	63982	727	10	12	2	54	0
1790468093	64043	727	10	12	2	54	0
1790468155	64105	727	10	12	2	54	0
1790468216	64166	727	10	12	2	54	0
1790468277	64227	727	10	12	2	54	0
1790468338	64288	726	10	13	2	54	0
1790468399	64349	726	10	13	2	54	0
1790468460	64410	726	10	13	2	54	0
1790468522	64472	727	10	12	2	54	0
1790468583	64533	726	10	14	2	54	0
1790468644	64594	727	10	12	2	54	0
1790468706	64656	727	10	12	2	54	0
1790468766	64716	727	10	13	2	54	0
1790468828	64778	726	10	13	2	54	0
1790468888	64838	727	10	12	2	54	0
1790468949	64899	726	10	13	2	54	0
1790469010	64960	726	10	13	2	54	0
1790469070	65020	727	10	12	2	54	0
1790469132	65082	726	10	13	2	54	0
1790469193	65143	727	10	12	2	54	0
1790469254	65204	727	10	13	2	54	0
1790469314	65264	727	10	12	2	54	0
1790469376	65326	726	10	13	2	54	0
1790469436	65386	726	10	13	2	54	0
1790469497	65447	727	10	12	2	54	0
1790469558	65508	727	10	13	2	54	0
1790469619	65569	727	10	13	2	54	0
1790469680	65630	727	10	12	2	54	0
1790469742	65692	727	10	12	2	54	0
1790469803	65753	727	10	12	2	54	0
1790469864	65814	727	10	12	2	54	0
1790469925	65875	727	10	12	2	54	0
1790469986	65936	727	10	12	2	54	0
1790470047	65997	726	10	13	2	54	0
1790470108	66058	727	10	12	2	54	0
1790470170	66120	727	10	12	2	54	0
1790470231	66181	727	10	12	2	54	0
1790470292	66242	726	10	13	2	54	0
1790470353	66303	727	10	12	2	54	0
1790470414	66364	726	10	13	2	54	0
1790470476	66426	725	10	14	2	54	0
1790470537	66487	727	10	12	2	54	0
1790470598	66548	726	10	13	2	54	0
1790470660	66610	726	10	13	2	54	0
1790470722	66672	725	10	14	2	54	0
1790470783	66733	726	10	13	2	54	0
1790470844	66794	726	10	13	2	54	0
1790470906	66856	727	10	12	2	54	0
1790470967	66917	726	10	13	2	54	0
1790471029	66979	727	10	12	2	54	0
1790471090	67040	726	10	13	2	54	0
1790471152	67102	727	10	13	2	54	0
1790471213	67163	726	10	13	2	54	0
1790471275	67225	726	10	13	2	54	0
1790471336	67286	726	10	13	2	54	0
1790471397	67347	727	10	13	2	54	0
1790471459	67409	726	10	13	2	54	0
1790471520	67470	727	10	13	2	54	0
1790471582	67532	726	10	13	2	54	0
1790471643	67593	726	10	13	2	54	0
1790471705	67655	726	10	13	2	54	0
1790471767	67717	727	10	13	2	54	0
1790471828	67778	727	10	13	2	54	0
1790471889	67839	727	10	13	2	54	0
1790471951	67901	727	10	13	2	54	0
1790472012	67962	726	10	13	2	54	0
1790472073	68023	727	10	13	2	54	0
1790472135	68085	727	10	13	2	54	0
1790472196	68146	727	10	13	2	54	0
1790472258	68208	726	10	13	2	54	0
1790472319	68269	727	10	13	2	54	0
1790472381	68331	726	10	13	2	54	0
1790472443	68393	727	10	13	2	54	0
1790472504	68454	726	10	13	2	54	0
1790472565	68515	727	10	13	2	54	0
1790472627	68577	726	10	13	2	54	0
1790472689	68639	727	10	13	2	54	0
1790472750	68700	726	10	14	2	54	0
1790472812	68762	726	10	13	2	54	0
1790472874	68824	726	10	13	2	54	0
1790472935	68885	726	10	13	2	54	0
1790472996	68946	726	10	13	2	54	0
1790473058	69008	726	10	13	2	54	0
1790473120	69070	725	10	14	2	54	0
1790473181	69131	726	10	13	2	54	0
1790473243	69193	726	10	14	2	54	0
1790473305	69255	726	10	13	2	54	0
1790473366	69316	726	10	13	2	54	0
1790473427	69377	725	10	14	2	54	0
1790473489	69439	726	10	13	2	54	0
1790473551	69501	726	10	13	2	54	0
1790473613	69563	726	10	14	2	54	0
1790473675	69625	726	10	13	2	54	0
1790473736	69686	726	10	13	2	54	0
1790473798	69748	726	10	13	2	54	0
1790473860	69810	726	10	13	2	54	0
1790473921	69871	726	10	14	2	54	0
1790473983	69933	726	10	13	2	54	0
1790474044	69994	726	10	13	2	54	0
1790474106	70056	726	10	13	2	54	0
1790474167	70117	726	10	13	2	54	0
1790474229	70179	726	10	13	2	54	0
1790474291	70241	726	10	13	2	54	0
1790474353	70303	726	10	14	2	54	0
1790474415	70365	726	10	13	2	54	0
1790474476	70426	726	10	14	2	54	0
1790474538	70488	725	10	14	2	54	0
1790474600	70550	726	10	13	2	54	0
1790474661	70611	726	11	13	2	54	0
1790474723	70673	725	11	14	2	54	0
1790474785	70735	725	11	14	2	54	0
1790474847	70797	726	11	14	2	54	0
1790474909	70859	726	11	13	2	54	0
1790474970	70920	725	11	14	2	54	0
1790475032	70982	725	11	14	2	54	0
1790475093	71043	725	11	14	2	54	0
1790475155	71105	726	11	13	2	54	0
1790475217	71167	725	11	14	2	54	0
1790475279	71229	726	11	13	2	54	0
1790475341	71291	726	11	13	2	54	0
1790475403	71353	725	11	14	2	54	0
1790475465	71415	726	11	13	2	54	0
1790475526	71476	726	11	13	2	54	0
1790475588	71538	724	11	15	2	54	0
1790475649	71599	725	11	14	2	54	0
1790475711	71661	726	11	13	2	54	0
1790475773	71723	725	11	14	2	54	0
1790475835	71785	726	11	13	2	54	0
1790475897	71847	726	11	13	2	54	0
1790475959	71909	725	11	14	2	54	0
1790476020	71970	725	11	15	2	54	0
1790476082	72032	726	11	13	2	54	0
1790476144	72094	725	11	14	2	54	0
1790476205	72155	726	11	13	2	54	0
1790476267	72217	725	11	14	2	54	0
1790476329	72279	726	11	13	2	54	0
1790476391	72341	725	11	14	2	54	0
1790476452	72402	726	11	13	2	54	0
1790476514	72464	725	11	14	2	54	0
1790476575	72525	726	11	13	2	54	0
1790476637	72587	726	11	13	2	54	0
1790476699	72649	725	11	14	2	54	0
1790476761	72711	725	11	14	2	54	0
1790476823	72773	726	11	13	2	54	0
1790476884	72834	725	11	14	2	54	0
1790476946	72896	725	11	14	2	54	0
1790477007	72957	726	11	13	2	54	0
1790477069	73019	725	11	14	2	54	0
1790477131	73081	725	11	14	2	54	0
1790477193	73143	726	11	13	2	54	0
1790477255	73205	726	11	14	2	54	0
1790477317	73267	725	11	14	2	54	0
1790477378	73328	725	11	15	2	54	0
1790477439	73389	725	11	14	2	54	0
1790477501	73451	725	11	14	2	54	0
1790477563	73513	726	11	13	2	54	0
1790477625	73575	725	11	14	2	54	0
1790477686	73636	725	11	14	2	54	0
1790477747	73697	726	11	13	2	54	0
1790477808	73758	725	11	15	2	54	0
1790477870	73820	725	11	15	2	54	0
1790477931	73881	725	11	14	2	54	0
1790477993	73943	726	11	14	2	54	0
1790478054	74004	726	11	14	2	54	0
1790478115	74065	726	11	14	2	54	0
1790478176	74126	726	11	14	2	54	0
1790478238	74188	725	11	14	2	54	0
1790478299	74249	726	11	14	2	54	0
1790478361	74311	725	11	14	2	54	0
1790478423	74373	726	11	14	2	54	0
1790478484	74434	726	11	14	2	54	0
1790478546	74496	725	11	14	2	54	0
1790478608	74558	725	11	14	2	54	0
1790478668	74618	726	11	14	2	54	0
1790478730	74680	726	11	14	2	54	0
1790478791	74741	725	11	14	2	54	0
1790478853	74803	726	11	14	2	54	0
1790478915	74865	726	11	14	2	54	0
1790478976	74926	726	11	14	2	54	0
1790479038	74988	725	11	15	2	54	0
1790479099	75049	724	11	15	2	54	0
1790479160	75110	725	11	14	2	54	0
1790479222	75172	725	11	14	2	54	0
1790479284	75234	724	11	15	2	54	0
1790479346	75296	725	11	15	2	54	0
1790479408	75358	725	11	14	2	54	0
1790479469	75419	725	11	14	2	54	0
1790479531	75481	726	11	14	2	54	0
1790479592	75542	725	11	14	2	54	0
1790479654	75604	725	11	14	2	54	0
1790479716	75666	725	11	14	2	54	0
1790479778	75728	725	11	14	2	54	0
1790479840	75790	725	11	14	2	54	0
1790479901	75851	726	11	14	2	54	0
1790479963	75913	725	11	15	2	54	0
1790480024	75974	725	11	15	2	54	0
1790480086	76036	725	11	15	2	54	0
1790480148	76098	725	11	14	2	54	0
1790480210	76160	725	11	14	2	54	0
1790480272	76222	725	11	14	2	54	0
1790480333	76283	724	11	15	2	54	0
1790480395	76345	725	11	15	2	54	0
1790480457	76407	725	11	15	2	54	0
1790480518	76468	725	11	14	2	54	0
1790480580	76530	725	11	14	2	54	0
1790480642	76592	724	11	15	2	54	0
1790480704	76654	725	11	14	2	54	0
1790480766	76716	725	11	14	2	54	0
1790480827	76777	725	11	14	2	54	0
1790480889	76839	724	11	15	2	54	0
1790480951	76901	724	11	15	2	54	0
1790481013	76963	724	11	15	2	54	0
1790481074	77024	725	11	14	2	54	0
1790481136	77086	725	11	15	2	54	0
1790481198	77148	725	11	15	2	54	0
1790481260	77210	724	11	15	2	54	0
1790481322	77272	724	11	15	2	54	0
1790481384	77334	725	11	14	2	54	0
1790481445	77395	725	11	14	2	54	0
1790481507	77457	725	11	15	2	54	0
1790481569	77519	725	11	14	2	54	0
1790481631	77581	725	11	14	2	54	0
1790481693	77643	724	11	15	2	54	0
1790481755	77705	725	11	14	2	54	0
1790481817	77767	725	11	15	2	54	0
1790481879	77829	725	11	14	2	54	0
1790481940	77890	725	11	15	2	54	0
1790482002	77952	725	11	14	2	54	0
1790482064	78014	725	11	15	2	54	0
1790482126	78076	724	11	15	2	54	0
1790482189	78139	725	11	14	2	54	0
1790482251	78201	725	11	14	2	54	0
1790482313	78263	724	11	15	2	54	0
1790482374	78324	724	11	15	2	54	0
1790482436	78386	725	11	14	2	54	0
1790482498	78448	725	11	15	2	54	0
1790482560	78510	724	11	15	2	54	0
1790482622	78572	725	11	14	2	54	0
1790482684	78634	724	11	15	2	54	0
1790482746	78696	725	11	14	2	54	0
1790482808	78758	724	11	15	2	54	0
1790482870	78820	725	11	15	2	54	0
1790482932	78882	725	11	14	2	54	0
1790482994	78944	724	11	15	2	54	0
1790483056	79006	725	11	14	2	54	0
1790483117	79067	724	11	15	2	54	0
1790483179	79129	725	11	14	2	54	0
1790483242	79192	724	11	15	2	54	0
1790483303	79253	724	11	15	2	54	0
1790483365	79315	724	11	15	2	54	0
1790483427	79377	725	11	14	2	54	0
1790483489	79439	724	11	15	2	54	0
1790483551	79501	725	11	14	2	54	0
1790483613	79563	725	11	14	2	54	0
1790483674	79624	724	11	15	2	54	0
1790483737	79687	724	11	15	2	54	0
1790483798	79748	725	11	14	2	54	0
1790483860	79810	725	11	14	2	54	0
1790483922	79872	725	11	14	2	54	0
1790483983	79933	724	11	15	2	54	0
1790484045	79995	724	11	15	2	54	0
1790484107	80057	725	11	15	2	54	0
1790484169	80119	725	11	14	2	54	0
1790484231	80181	724	11	15	2	54	0
1790484293	80243	724	11	15	2	54	0
1790484355	80305	725	11	14	2	54	0
1790484417	80367	724	11	15	2	54	0
1790484479	80429	724	11	15	2	54	0
1790484541	80491	725	11	14	2	54	0
1790484603	80553	724	11	15	2	54	0
1790484665	80615	724	11	15	2	54	0
1790484727	80677	725	11	14	2	54	0
1790484788	80738	724	11	15	2	54	0
1790484850	80800	724	11	15	2	54	0
1790484912	80862	725	12	14	2	54	0
1790484974	80924	724	12	15	2	54	0
1790485036	80986	724	12	15	2	54	0
1790485098	81048	725	12	14	2	54	0
1790485160	81110	725	12	14	2	54	0
1790485221	81171	725	12	14	2	54	0
1790485283	81233	725	12	14	2	54	0
1790485345	81295	724	12	15	2	54	0
1790485407	81357	724	12	15	2	54	0
1790485470	81420	724	12	15	2	54	0
1790485532	81482	724	12	15	2	54	0
1790485594	81544	725	12	15	2	54	0
1790485656	81606	724	12	15	2	54	0
1790485717	81667	725	12	14	2	54	0
1790485779	81729	725	12	15	2	54	0
1790485841	81791	725	12	15	2	54	0
1790485903	81853	724	12	15	2	54	0
1790485965	81915	724	12	15	2	54	0
1790486027	81977	724	12	15	2	54	0
1790486090	82040	724	12	15	2	54	0
1790486152	82102	724	12	15	2	54	0
1790486213	82163	725	12	15	2	54	0
1790486275	82225	724	12	16	2	54	0
1790486337	82287	725	12	15	2	54	0
1790486399	82349	724	12	15	2	54	0
1790486461	82411	724	12	15	2	54	0
1790486523	82473	724	12	16	2	54	0
1790486585	82535	725	12	15	2	54	0
1790486646	82596	725	12	15	2	54	0
1790486708	82658	724	12	15	2	54	0
1790486771	82721	725	12	15	2	54	0
1790486833	82783	725	12	15	2	54	0
1790486895	82845	724	12	15	2	54	0
1790486957	82907	724	12	15	2	54	0
1790487019	82969	725	12	15	2	54	0
1790487081	83031	724	12	16	2	54	0
1790487142	83092	725	12	15	2	54	0
1790487204	83154	724	12	15	2	54	0
1790487267	83217	724	12	15	2	54	0
1790487329	83279	724	12	16	2	54	0
1790487391	83341	725	12	15	2	54	0
1790487453	83403	724	12	15	2	54	0
1790487514	83464	724	12	15	2	54	0
1790487577	83527	724	12	15	2	54	0
1790487639	83589	724	12	15	2	54	0
1790487701	83651	723	12	16	2	54	0
1790487763	83713	724	12	15	2	54	0
1790487825	83775	724	12	15	2	54	0
1790487887	83837	724	12	15	2	54	0
1790487949	83899	724	12	15	2	54	0
1790488011	83961	724	12	16	2	54	0
1790488073	84023	724	12	15	2	54	0
1790488135	84085	724	12	15	2	54	0
1790488197	84147	724	12	15	2	54	0
1790488259	84209	724	12	15	2	54	0
1790488320	84270	724	12	15	2	54	0
1790488381	84331	724	12	16	2	54	0
1790488442	84392	723	12	16	2	54	0
1790488504	84454	723	12	16	2	54	0
1790488565	84515	724	12	15	2	54	0
1790488627	84577	724	12	15	2	54	0
1790488688	84638	723	12	16	2	54	0
1790488750	84700	724	12	16	2	54	0
1790488811	84761	724	12	15	2	54	0
1790488873	84823	724	12	15	2	54	0
1790488934	84884	723	12	16	2	54	0
1790488996	84946	724	12	15	2	54	0
1790489058	85008	724	12	15	2	54	0
1790489120	85070	723	12	16	2	54	0
1790489182	85132	724	12	15	2	54	0
1790489244	85194	723	12	16	2	54	0
1790489305	85255	724	12	15	2	54	0
1790489367	85317	724	12	15	2	54	0
1790489428	85378	723	12	16	2	54	0
1790489490	85440	724	12	16	2	54	0
1790489552	85502	723	12	16	2	54	0
1790489614	85564	724	12	15	2	54	0
1790489676	85626	724	12	15	2	54	0
1790489738	85688	723	12	16	2	54	0
1790489799	85749	723	12	16	2	54	0
1790489861	85811	723	12	16	2	54	0
1790489923	85873	723	12	16	2	54	0
1790489984	85934	723	12	16	2	54	0
1790490046	85996	724	12	15	2	54	0
1790490108	86058	723	12	16	2	54	0
1790490170	86120	723	12	16	2	54	0
1790490231	86181	723	12	16	2	54	0
1790490293	86243	724	12	16	2	54	0
1790490355	86305	724	12	15	2	54	0
1790490417	86367	723	12	16	2	54	0
1790490479	86429	724	12	16	2	54	0
1790490541	86491	723	12	16	2	54	0
1790490603	86553	724	12	15	2	54	0
1790490665	86615	723	12	16	2	54	0
1790490727	86677	723	12	16	2	54	0
1790490789	86739	724	12	15	2	54	0
1790490851	86801	724	12	15	2	54	0
1790490913	86863	723	12	16	2	54	0
1790490975	86925	723	12	16	2	54	0
1790491037	86987	724	12	15	2	54	0
1790491099	87049	724	12	15	2	54	0
1790491161	87111	724	12	16	2	54	0
1790491222	87172	724	12	15	2	54	0
1790491284	87234	723	12	16	2	54	0
1790491346	87296	723	12	16	2	54	0
1790491408	87358	724	12	15	2	54	0
1790491470	87420	723	12	16	2	54	0
1790491532	87482	723	12	16	2	54	0
1790491594	87544	724	12	15	2	54	0
1790491655	87605	723	12	16	2	54	0
1790491717	87667	724	12	15	2	54	0
1790491780	87730	724	12	15	2	54	0
1790491842	87792	724	12	15	2	54	0
1790491904	87854	723	12	17	2	54	0
1790491966	87916	724	12	15	2	54	0
1790492028	87978	723	12	16	2	54	0
1790492091	88041	724	12	15	2	54	0
1790492152	88102	723	12	16	2	54	0
1790492214	88164	724	12	15	2	54	0
1790492276	88226	723	12	16	2	54	0
1790492338	88288	723	12	16	2	54	0
1790492400	88350	724	12	15	2	54	0
1790492463	88413	724	12	15	2	54	0
1790492525	88475	723	12	16	2	54	0
1790492587	88537	723	12	16	2	54	0
1790492648	88598	723	12	16	2	54	0
1790492710	88660	723	12	16	2	54	0
1790492772	88722	723	12	16	2	54	0
1790492835	88785	723	12	16	2	54	0
1790492897	88847	723	12	16	2	54	0
1790492959	88909	724	12	16	2	54	0
1790493021	88971	723	12	16	2	54	0
1790493083	89033	724	12	16	2	54	0
1790493145	89095	723	12	16	2	54	0
1790493207	89157	723	12	16	2	54	0
1790493269	89219	723	12	16	2	54	0
1790493331	89281	724	12	16	2	54	0
1790493393	89343	723	12	17	2	54	0
1790493456	89406	723	12	16	2	54	0
1790493518	89468	723	12	16	2	54	0
1790493579	89529	724	12	16	2	54	0
1790493641	89591	723	12	16	2	54	0
1790493704	89654	724	12	16	2	54	0
1790493766	89716	723	12	17	2	54	0
1790493828	89778	723	12	16	2	54	0
1790493890	89840	724	13	16	2	54	0
1790493952	89902	724	13	16	2	54	0
1790494014	89964	723	13	16	2	54	0
1790494075	90025	723	13	16	2	54	0
1790494137	90087	723	13	16	2	54	0
1790494198	90148	723	13	16	2	54	0
1790494260	90210	723	13	16	2	54	0
1790494322	90272	723	13	16	2	54	0
1790494382	90332	722	13	17	2	54	0
1790494444	90394	723	13	16	2	54	0
1790494505	90455	723	13	16	2	54	0
1790494567	90517	724	13	16	2	54	0
1790494628	90578	723	13	16	2	54	0
1790494690	90640	722	13	17	2	54	0
1790494752	90702	723	13	16	2	54	0
1790494814	90764	723	13	16	2	54	0
1790494876	90826	723	13	16	2	54	0
1790494938	90888	723	13	16	2	54	0
1790494999	90949	723	13	17	2	54	0
1790495061	91011	723	13	16	2	54	0
1790495123	91073	723	13	16	2	54	0
1790495185	91135	723	13	16	2	54	0
1790495246	91196	723	13	16	2	54	0
1790495308	91258	723	13	17	2	54	0
1790495370	91320	723	13	16	2	54	0
1790495432	91382	723	13	16	2	54	0
1790495493	91443	723	13	16	2	54	0
1790495555	91505	723	13	16	2	54	0
1790495617	91567	722	13	17	2	54	0
1790495679	91629	723	13	16	2	54	0
1790495741	91691	723	13	16	2	54	0
1790495803	91753	723	13	16	2	54	0
1790495865	91815	723	13	16	2	54	0
1790495927	91877	723	13	16	2	54	0
1790495988	91938	723	13	17	2	54	0
1790496050	92000	723	13	16	2	54	0
1790496113	92063	723	13	16	2	54	0
1790496175	92125	723	13	16	2	54	0
1790496237	92187	722	13	17	2	54	0
1790496299	92249	722	13	17	2	54	0
1790496361	92311	723	13	16	2	54	0
1790496424	92374	723	13	16	2	54	0
1790496485	92435	723	13	16	2	54	0
1790496547	92497	722	13	17	2	54	0
1790496609	92559	722	13	17	2	54	0
1790496671	92621	723	13	17	2	54	0
1790496733	92683	722	13	17	2	54	0
1790496796	92746	723	13	16	2	54	0
1790496858	92808	722	13	17	2	54	0
1790496919	92869	723	13	16	2	54	0
1790496981	92931	723	13	16	2	54	0
1790497043	92993	722	13	17	2	54	0
1790497106	93056	722	13	17	2	54	0
1790497168	93118	722	13	17	2	54	0
1790497230	93180	722	13	17	2	54	0
1790497292	93242	722	13	17	2	54	0
1790497355	93305	722	13	17	2	54	0
1790497416	93366	722	13	17	2	54	0
1790497478	93428	723	13	16	2	54	0
1790497540	93490	723	13	16	2	54	0
1790497602	93552	722	13	18	2	54	0
1790497665	93615	722	13	17	2	54	0
1790497727	93677	721	13	18	2	54	0
1790497789	93739	723	13	16	2	54	0
1790497851	93801	722	13	17	2	54	0
1790497912	93862	723	13	16	2	54	0
1790497975	93925	723	13	16	2	54	0
1790498037	93987	723	13	16	2	54	0
1790498099	94049	722	13	17	2	54	0
1790498161	94111	723	13	16	2	54	0
1790498223	94173	722	13	17	2	54	0
1790498285	94235	722	13	17	2	54	0
1790498347	94297	722	13	17	2	54	0
1790498409	94359	723	13	16	2	54	0
1790498471	94421	721	13	18	2	54	0
1790498533	94483	723	13	16	2	54	0
1790498596	94546	723	13	16	2	54	0
1790498658	94608	723	13	16	2	54	0
1790498720	94670	722	13	17	2	54	0
1790498782	94732	723	13	17	2	54	0
1790498844	94794	723	13	16	2	54	0
1790498906	94856	721	13	18	2	54	0
1790498968	94918	723	13	16	2	54	0
1790499029	94979	722	13	17	2	54	0
1790499091	95041	723	13	16	2	54	0
1790499152	95102	723	13	16	2	54	0
1790499214	95164	722	13	17	2	54	0
1790499276	95226	723	13	17	2	54	0
1790499337	95287	722	13	17	2	54	0
1790499398	95348	723	13	17	2	54	0
1790499459	95409	723	13	17	2	54	0
1790499521	95471	723	13	17	2	54	0
1790499582	95532	723	13	17	2	54	0
1790499644	95594	722	13	17	2	54	0
1790499706	95656	722	13	17	2	54	0
1790499767	95717	723	13	17	2	54	0
1790499828	95778	723	13	17	2	54	0
1790499891	95841	722	13	17	2	54	0
1790499953	95903	722	13	17	2	54	0
1790500015	95965	722	13	17	2	54	0
1790500077	96027	723	13	17	2	54	0
1790500139	96089	722	13	17	2	54	0
1790500201	96151	722	13	17	2	54	0
1790500262	96212	723	13	17	2	54	0
1790500324	96274	722	13	17	2	54	0
1790500386	96336	723	13	17	2	54	0
1790500448	96398	722	13	17	2	54	0
1790500510	96460	722	13	17	2	54	0
1790500572	96522	722	13	17	2	54	0
1790500634	96584	722	13	18	2	54	0
1790500696	96646	722	13	17	2	54	0
1790500757	96707	722	13	18	2	54	0
1790500820	96770	721	13	18	2	54	0
1790500882	96832	722	13	17	2	54	0
1790500944	96894	722	13	18	2	54	0
1790501006	96956	722	13	17	2	54	0
1790501068	97018	722	13	17	2	54	0
1790501130	97080	721	13	18	2	54	0
1790501192	97142	722	13	17	2	54	0
1790501254	97204	722	13	18	2	54	0
1790501316	97266	722	13	17	2	54	0
1790501378	97328	722	13	18	2	54	0
1790501441	97391	721	14	18	2	54	0
1790501503	97453	722	14	18	2	54	0
1790501565	97515	722	14	17	2	54	0
1790501627	97577	721	14	18	2	54	0
1790501688	97638	721	14	18	2	54	0
1790501751	97701	721	14	18	2	54	0
1790501813	97763	722	14	17	2	54	0
1790501875	97825	722	14	18	2	54	0
1790501938	97888	722	14	17	2	54	0
1790502000	97950	722	14	18	2	54	0
1790502062	98012	722	14	17	2	54	0
1790502125	98075	722	14	17	2	54	0
1790502186	98136	721	14	18	2	54	0
1790502248	98198	721	14	18	2	54	0
1790502310	98260	721	14	18	2	54	0
1790502373	98323	722	14	17	2	54	0
1790502435	98385	722	14	18	2	54	0
1790502497	98447	722	14	18	2	54	0
1790502560	98510	721	14	18	2	54	0
1790502622	98572	722	14	17	2	54	0
1790502683	98633	722	14	17	2	54	0
1790502746	98696	722	14	17	2	54	0
1790502808	98758	721	14	18	2	54	0
1790502871	98821	722	14	17	2	54	0
1790502933	98883	722	14	17	2	54	0
1790502995	98945	721	14	18	2	54	0
1790503058	99008	721	14	18	2	54	0
1790503120	99070	720	14	19	2	54	0
1790503181	99131	721	14	18	2	54	0
1790503244	99194	721	14	18	2	54	0
1790503306	99256	720	14	19	2	54	0
1790503368	99318	721	14	18	2	54	0
1790503431	99381	722	14	18	2	54	0
1790503493	99443	722	14	17	2	54	0
1790503555	99505	722	14	17	2	54	0
1790503617	99567	722	14	17	2	54	0
1790503679	99629	722	14	17	2	54	0
1790503742	99692	721	14	18	2	54	0
1790503804	99754	722	14	17	2	54	0
1790503866	99816	722	14	17	2	54	0
1790503928	99878	720	14	19	2	54	0
1790503990	99940	721	14	18	2	54	0
1790504052	100002	722	14	17	2	54	0
1790504113	100063	721	14	18	2	54	0
1790504174	100124	721	14	18	2	54	0
1790504236	100186	721	14	18	2	54	0
1790504298	100248	721	14	18	2	54	0
1790504359	100309	721	14	18	2	54	0
1790504420	100370	722	14	18	2	54	0
1790504482	100432	721	14	18	2	54	0
1790504543	100493	721	14	18	2	54	0
1790504604	100554	721	14	18	2	54	0
1790504666	100616	721	14	18	2	54	0
1790504728	100678	722	14	18	2	54	0
1790504790	100740	721	14	18	2	54	0
1790504852	100802	722	14	18	2	54	0
1790504914	100864	722	14	18	2	54	0
1790504976	100926	721	14	18	2	54	0
1790505038	100988	721	14	18	2	54	0
1790505100	101050	721	14	18	2	54	0
1790505162	101112	721	14	18	2	54	0
1790505224	101174	721	14	19	2	54	0
1790505286	101236	722	14	18	2	54	0
1790505348	101298	722	14	18	2	54	0
1790505410	101360	721	14	18	2	54	0
1790505472	101422	721	14	19	2	54	0
1790505533	101483	721	14	18	2	54	0
1790505595	101545	721	14	19	2	54	0
1790505657	101607	721	14	18	2	54	0
1790505719	101669	721	14	18	2	54	0
1790505781	101731	721	14	18	2	54	0
1790505843	101793	722	14	18	2	54	0
1790505906	101856	721	14	18	2	54	0
1790505968	101918	721	14	18	2	54	0
1790506029	101979	721	14	18	2	54	0
1790506091	102041	721	14	18	2	54	0
1790506154	102104	720	14	19	2	54	0
1790506216	102166	721	14	18	2	54	0
1790506277	102227	721	14	18	2	54	0
1790506339	102289	721	14	19	2	54	0
1790506401	102351	721	14	18	2	54	0
1790506463	102413	721	14	18	2	54	0
1790506525	102475	720	14	19	2	54	0
1790506585	102535	721	14	18	2	54	0
1790506647	102597	721	14	18	2	54	0
1790506708	102658	721	14	18	2	54	0
1790506769	102719	721	14	19	2	54	0
1790506831	102781	720	14	19	2	54	0
1790506893	102843	721	14	18	2	54	0
1790506954	102904	721	14	19	2	54	0
1790507016	102966	721	14	18	2	54	0
1790507078	103028	721	14	18	2	54	0
1790507140	103090	720	14	19	2	54	0
1790507202	103152	721	14	18	2	54	0
1790507263	103213	721	14	18	2	54	0
1790507325	103275	721	14	18	2	54	0
1790507387	103337	721	14	18	2	54	0
1790507449	103399	721	14	18	2	54	0
1790507511	103461	721	14	18	2	54	0
1790507573	103523	721	14	18	2	54	0
1790507635	103585	721	14	18	2	54	0
1790507698	103648	720	14	19	2	54	0
1790507759	103709	721	14	19	2	54	0
1790507821	103771	720	14	19	2	54	0
1790507884	103834	721	14	18	2	54	0
1790507946	103896	721	14	18	2	54	0
1790508008	103958	720	14	19	2	54	0
1790508070	104020	721	14	18	2	54	0
1790508132	104082	721	14	19	2	54	0
1790508194	104144	721	14	18	2	54	0
1790508255	104205	720	14	19	2	54	0
1790508318	104268	720	14	19	2	54	0
1790508380	104330	720	14	19	2	54	0
1790508442	104392	721	14	19	2	54	0
1790508504	104454	720	14	19	2	54	0
1790508567	104517	721	14	18	2	54	0
1790508629	104579	721	14	19	2	54	0
1790508690	104640	721	14	18	2	54	0
1790508753	104703	721	14	18	2	54	0
1790508815	104765	721	14	18	2	54	0
1790508878	104828	721	15	18	2	54	0
1790508940	104890	721	15	18	2	54	0
1790509002	104952	721	15	19	2	54	0
1790509065	105015	721	15	18	2	54	0
1790509127	105077	721	15	18	2	54	0
1790509188	105138	721	15	19	2	54	0
1790509251	105201	721	15	18	2	54	0
1790509313	105263	720	15	19	2	54	0
1790509375	105325	721	15	18	2	54	0
1790509438	105388	720	15	19	2	54	0
1790509500	105450	720	15	19	2	54	0
1790509562	105512	721	15	18	2	54	0
1790509625	105575	720	15	20	2	54	0
1790509686	105636	720	15	19	2	54	0
1790509749	105699	720	15	19	2	54	0
1790509811	105761	721	15	18	2	54	0
1790509874	105824	720	15	19	2	54	0
1790509936	105886	720	15	19	2	54	0
1790509999	105949	720	15	19	2	54	0
1790510061	106011	721	15	18	2	54	0
1790510123	106073	721	15	18	2	54	0
1790510185	106135	721	15	19	2	54	0
1790510247	106197	720	15	20	2	54	0
1790510310	106260	721	15	18	2	54	0
1790510372	106322	720	15	20	2	54	0
1790510435	106385	720	15	19	2	54	0
1790510497	106447	720	15	19	2	54	0
1790510560	106510	720	15	19	2	54	0
1790510621	106571	721	15	18	2	54	0
1790510683	106633	720	15	19	2	54	0
1790510746	106696	721	15	19	2	54	0
1790510809	106759	720	15	19	2	54	0
1790510870	106820	720	15	19	2	54	0
1790510932	106882	720	15	19	2	54	0
1790510995	106945	721	15	18	2	54	0
1790511057	107007	721	15	19	2	54	0
1790511120	107070	720	15	19	2	54	0
1790511182	107132	720	15	19	2	54	0
1790511244	107194	720	15	19	2	54	0
1790511307	107257	721	15	19	2	54	0
1790511368	107318	721	15	19	2	54	0
1790511431	107381	720	15	19	2	54	0
1790511493	107443	720	15	19	2	54	0
1790511556	107506	719	15	20	2	54	0
1790511618	107568	720	15	19	2	54	0
1790511681	107631	721	15	19	2	54	0
1790511744	107694	721	15	19	2	54	0
1790511806	107756	720	15	19	2	54	0
1790511868	107818	720	15	20	2	54	0
1790511930	107880	719	15	20	2	54	0
1790511993	107943	719	15	20	2	54	0
1790512055	108005	721	15	19	2	54	0
1790512118	108068	720	15	20	2	54	0
1790512181	108131	721	15	19	2	54	0
1790512243	108193	719	15	20	2	54	0
1790512306	108256	720	15	19	2	54	0
1790512367	108317	719	15	20	2	54	0
1790512430	108380	720	15	19	2	54	0
1790512492	108442	720	15	19	2	54	0
1790512555	108505	720	15	19	2	54	0
1790512618	108568	720	15	19	2	54	0
1790512680	108630	720	15	19	2	54	0
1790512743	108693	720	15	19	2	54	0
1790512804	108754	719	15	20	2	54	0
1790512867	108817	719	15	20	2	54	0
1790512929	108879	720	15	19	2	54	0
1790512992	108942	720	15	20	2	54	0
1790513054	109004	720	15	20	2	54	0
1790513117	109067	720	15	20	2	54	0
1790513180	109130	720	15	19	2	54	0
1790513242	109192	720	15	20	2	54	0
1790513304	109254	720	15	19	2	54	0
1790513366	109316	720	15	19	2	54	0
1790513429	109379	719	15	20	2	54	0
1790513491	109441	720	15	20	2	54	0
1790513554	109504	720	15	20	2	54	0
1790513616	109566	720	15	19	2	54	0
1790513679	109629	720	15	19	2	54	0
1790513741	109691	720	15	20	2	54	0
1790513803	109753	719	15	21	2	54	0
1790513865	109815	719	15	20	2	54	0
1790513928	109878	720	15	19	2	54	0
1790513990	109940	719	15	20	2	54	0
1790514053	110003	720	15	19	2	54	0
1790514115	110065	720	15	19	2	54	0
1790514178	110128	719	15	20	2	54	0
1790514240	110190	720	15	19	2	54	0
1790514302	110252	720	15	19	2	54	0
1790514364	110314	719	15	20	2	54	0
1790514427	110377	719	15	20	2	54	0
1790514489	110439	719	15	20	2	54	0
1790514552	110502	720	15	19	2	54	0
1790514614	110564	720	15	19	2	54	0
1790514677	110627	719	15	20	2	54	0
1790514739	110689	719	15	20	2	54	0
1790514801	110751	719	15	20	2	54	0
1790514863	110813	720	15	19	2	54	0
1790514926	110876	719	15	20	2	54	0
1790514988	110938	719	15	20	2	54	0
1790515051	111001	719	15	20	2	54	0
1790515113	111063	719	15	20	2	54	0
1790515176	111126	719	15	20	2	54	0
1790515237	111187	719	15	20	2	54	0
1790515299	111249	719	15	20	2	54	0
1790515361	111311	720	15	19	2	54	0
1790515425	111375	719	15	20	2	54	0
1790515487	111437	719	15	21	2	54	0
1790515551	111501	719	15	20	2	54	0
1790515614	111564	719	15	20	2	54	0
1790515677	111627	719	15	20	2	54	0
1790515739	111689	719	15	20	2	54	0
1790515802	111752	718	15	21	2	54	0
1790515865	111815	719	15	20	2	54	0
1790515929	111879	719	15	20	2	54	0
1790515991	111941	718	15	21	2	54	0
1790516055	112005	719	15	20	2	54	0
1790516118	112068	719	16	20	2	54	0
1790516180	112130	719	16	20	2	54	0
1790516242	112192	718	16	21	2	54	0
1790516304	112254	720	16	20	2	54	0
1790516366	112316	720	16	20	2	54	0
1790516428	112378	719	16	20	2	54	0
1790516489	112439	718	16	21	2	54	0
1790516551	112501	720	16	20	2	54	0
1790516613	112563	719	16	20	2	54	0
1790516674	112624	718	16	21	2	54	0
1790516736	112686	719	16	20	2	54	0
1790516798	112748	720	16	20	2	54	0
1790516860	112810	718	16	21	2	53	0
1790516922	112872	718	16	21	2	54	0
1790516983	112933	718	16	21	2	53	0
1790517045	112995	719	16	20	2	54	0
1790517107	113057	720	16	20	2	54	0
1790517169	113119	720	16	20	2	54	0
1790517232	113182	720	16	20	2	54	0
1790517294	113244	719	16	20	2	54	0
1790517356	113306	718	16	21	2	54	0
1790517419	113369	719	16	20	2	54	0
1790517480	113430	720	16	20	2	54	0
1790517542	113492	719	16	20	2	54	0
1790517605	113555	719	16	21	2	54	0
1790517667	113617	719	16	20	2	54	0
1790517730	113680	718	16	21	2	54	0
1790517792	113742	719	16	21	2	54	0
1790517854	113804	719	16	21	2	54	0
1790517916	113866	719	16	20	2	54	0
1790517978	113928	719	16	20	2	54	0
1790518040	113990	719	16	20	2	54	0
1790518102	114052	719	16	20	2	54	0
1790518165	114115	718	16	21	2	54	0
1790518227	114177	719	16	20	2	54	0
1790518289	114239	719	16	20	2	54	0
1790518352	114302	719	16	20	2	54	0
1790518414	114364	719	16	20	2	54	0
1790518475	114425	719	16	21	2	54	0
1790518538	114488	719	16	20	2	54	0
1790518600	114550	719	16	20	2	54	0
1790518663	114613	719	16	20	2	54	0
1790518725	114675	719	16	20	2	54	0
1790518788	114738	719	16	20	2	54	0
1790518851	114801	719	16	20	2	54	0
1790518912	114862	719	16	21	2	54	0
1790518975	114925	719	16	20	2	54	0
1790519037	114987	719	16	20	2	54	0
1790519100	115050	719	16	21	2	54	0
1790519162	115112	718	16	21	2	54	0
1790519225	115175	718	16	21	2	54	0
1790519287	115237	718	16	21	2	54	0
1790519350	115300	719	16	20	2	54	0
1790519411	115361	718	16	21	2	54	0
1790519474	115424	719	16	20	2	54	0
1790519537	115487	718	16	21	2	54	0
1790519599	115549	719	16	20	2	54	0
1790519662	115612	719	16	20	2	54	0
1790519724	115674	719	16	20	2	54	0
1790519787	115737	719	16	20	2	54	0
1790519849	115799	719	16	20	2	54	0
1790519911	115861	718	16	21	2	54	0
1790519973	115923	719	16	20	2	54	0
1790520036	115986	719	16	20	2	54	0
1790520099	116049	719	16	21	2	54	0
1790520161	116111	718	16	21	2	54	0
1790520224	116174	719	16	20	2	54	0
1790520287	116237	718	16	21	2	54	0
1790520349	116299	719	16	20	2	54	0
1790520411	116361	718	16	21	2	54	0
1790520474	116424	718	16	21	2	54	0
1790520536	116486	718	16	21	2	54	0
1790520599	116549	719	16	20	2	54	0
1790520662	116612	718	16	21	2	54	0
1790520724	116674	719	16	20	2	54	0
1790520787	116737	718	16	21	2	54	0
1790520850	116800	718	16	21	2	54	0
1790520911	116861	719	16	21	2	54	0
1790520974	116924	719	16	20	2	54	0
1790521036	116986	718	16	21	2	54	0
1790521099	117049	718	16	21	2	54	0
1790521162	117112	719	16	20	2	54	0
1790521225	117175	719	16	20	2	53	0
1790521287	117237	719	16	20	2	53	0
1790521350	117300	719	16	20	3	53	0
1790521412	117362	719	16	20	3	53	0
1790521474	117424	719	16	20	3	53	0
1790521537	117487	719	16	20	3	53	0
1790521599	117549	719	16	20	3	53	0
1790521662	117612	719	16	21	3	53	0
1790521725	117675	718	16	21	4	52	0
1790521788	117738	717	16	22	4	51	0
1790521852	117802	718	16	22	3	52	0
1790521914	117864	718	16	21	5	51	0
1790521978	117928	718	16	21	2	53	0
1790522040	117990	718	16	21	3	53	0
1790522104	118054	717	16	23	5	51	0
1790522167	118117	717	16	22	6	50	0
1790522230	118180	718	16	22	5	51	0
1790522293	118243	717	16	22	4	52	0
1790522356	118306	718	16	22	4	52	0
1790522418	118368	718	16	21	4	52	0
1790522482	118432	718	16	21	4	52	0
1790522545	118495	718	16	21	2	53	0
1790522608	118558	718	16	21	4	52	0
1790522671	118621	718	16	21	3	52	0
1790522734	118684	718	16	21	3	53	0
1790522797	118747	718	16	22	5	50	0
1790522860	118810	717	16	22	5	51	0
1790522924	118874	717	16	22	6	50	0
1790522986	118936	718	16	22	5	51	0
1790523049	118999	718	16	21	4	52	0
1790523113	119063	718	16	21	3	53	0
1790523176	119126	718	16	21	3	53	0
1790523238	119188	718	16	21	4	52	0
1790523302	119252	718	16	21	4	52	0
1790523363	119313	718	16	21	3	52	0
1790523427	119377	718	16	22	4	52	0
1790523491	119441	718	16	21	4	52	0
1790523554	119504	718	16	22	3	53	0
1790523616	119566	718	16	22	4	52	0
1790523680	119630	718	16	22	4	52	0
1790523743	119693	718	16	21	3	52	0
1790523804	119754	718	16	21	4	52	0
1790523868	119818	717	16	22	4	52	0
1790523931	119881	718	16	21	4	52	0
1790523994	119944	718	16	22	3	53	0
1790524057	120007	718	16	21	4	52	0
1790524119	120069	718	16	21	3	53	0
1790524182	120132	717	16	22	4	52	0
1790524245	120195	718	16	21	4	52	0
1790524308	120258	718	16	21	4	52	0
1790524371	120321	718	16	21	3	53	0
1790524433	120383	718	16	21	4	52	0
1790524496	120446	718	16	22	4	52	0
1790524559	120509	718	16	22	5	51	0
1790524622	120572	718	16	22	4	52	0
1790524685	120635	718	16	21	4	52	0
1790524748	120698	718	16	22	4	52	0
1790524811	120761	718	16	21	4	52	0
1790524873	120823	718	16	21	3	52	0
1790524937	120887	718	16	21	3	53	0
1790524999	120949	718	16	21	3	53	0
1790525062	121012	718	16	21	4	52	0
1790525126	121076	718	16	21	4	52	0
1790525187	121137	718	16	21	3	53	0
1790525250	121200	718	16	21	4	52	0
1790525314	121264	718	16	22	4	52	0
1790525378	121328	718	16	21	3	52	0
1790525440	121390	718	16	21	4	52	0
1790525504	121454	717	16	22	4	52	0
1790525567	121517	718	16	21	3	53	0
1790525630	121580	718	16	21	3	53	0
1790525693	121643	717	16	22	5	51	0
1790525755	121705	718	16	21	4	52	0
1790525819	121769	718	16	22	4	51	0
1790525883	121833	718	16	22	3	53	0
1790525946	121896	718	16	21	4	52	0
1790526009	121959	718	16	21	4	52	0
1790526072	122022	718	16	21	3	52	0
1790526136	122086	718	16	21	3	53	0
1790526199	122149	718	16	21	3	53	0
1790526262	122212	718	16	21	3	53	0
1790526324	122274	718	16	22	3	52	0
1790526387	122337	718	16	22	3	53	0
1790526450	122400	718	16	21	3	53	0
1790526513	122463	718	16	21	3	53	0
1790526576	122526	718	16	21	3	53	0
1790526640	122590	718	16	21	3	53	0
1790526703	122653	718	16	21	4	52	0
1790526766	122716	718	16	21	4	52	0
1790526830	122780	718	16	21	3	52	0
1790526892	122842	717	16	22	4	52	0
1790526955	122905	718	16	21	2	54	0
1790527018	122968	718	16	21	3	53	0
1790527081	123031	718	16	21	3	53	0
1790527144	123094	718	16	22	3	53	0
1790527207	123157	718	16	21	3	53	0
1790527270	123220	718	16	21	3	53	0
1790527333	123283	718	16	21	3	53	0
1790527395	123345	718	16	21	2	54	0
1790527458	123408	718	16	21	3	53	0
1790527521	123471	718	16	21	3	53	0
1790527585	123535	718	16	21	3	53	0
1790527648	123598	718	16	21	2	54	0
1790527711	123661	718	16	21	3	53	0
1790527774	123724	718	16	22	4	52	0
1790527837	123787	718	16	21	3	53	0
1790527901	123851	718	16	21	3	53	0
1790527962	123912	718	16	21	3	53	0
1790528026	123976	718	16	21	3	53	0
1790528089	124039	718	16	21	2	54	0
1790528152	124102	718	16	21	3	53	0
1790528215	124165	718	16	21	3	53	0
1790528278	124228	718	16	21	3	53	0
1790528341	124291	718	16	21	3	53	0
1790528404	124354	718	16	21	2	54	0
1790528465	124415	718	16	21	2	54	0
1790528528	124478	718	16	21	3	53	0
1790528591	124541	718	16	21	3	53	0
1790528653	124603	718	16	21	15	41	0
1790528715	124665	718	16	21	7	49	0
1790528776	124726	718	16	21	7	49	0
1790528839	124789	718	16	21	8	48	0
1790528901	124851	718	16	21	11	45	0
1790528963	124913	718	16	21	11	44	0
1790529025	124975	718	16	21	7	49	0
1790529087	125037	718	16	21	9	47	0
1790529150	125100	718	16	21	13	43	0
1790529212	125162	718	16	21	12	44	0
1790529274	125224	718	16	21	15	41	0
1790529337	125287	718	16	21	12	44	0
1790529399	125349	718	16	22	9	47	0
1790529462	125412	718	16	22	12	44	0
1790529525	125475	717	16	22	10	46	0
1790529588	125538	717	16	22	19	37	0
1790529651	125601	717	16	22	9	47	0
1790529714	125664	717	16	22	11	44	0
1790529776	125726	717	16	22	12	43	0
1790529838	125788	717	16	22	12	44	0
1790529901	125851	717	16	22	18	38	0
1790529964	125914	717	16	22	9	47	0
1790530026	125976	717	16	22	7	49	0
1790530089	126039	717	16	22	14	41	0
1790530152	126102	717	16	23	10	46	0
1790530214	126164	717	16	23	14	42	0
1790530276	126226	717	16	23	10	45	0
1790530339	126289	716	16	23	9	47	0
1790530402	126352	716	16	23	10	46	0
1790530464	126414	716	16	23	10	46	0
1790530527	126477	716	16	23	9	47	0
1790530590	126540	716	16	23	12	44	0
1790530653	126603	716	16	23	10	46	0
1790530716	126666	716	16	23	13	43	0
1790530779	126729	716	16	23	16	40	0
1790530841	126791	716	16	23	19	37	0
1790530904	126854	716	16	23	13	43	0
1790530968	126918	716	16	23	10	46	0
1790531031	126981	716	16	24	12	44	0
1790531094	127044	716	16	24	12	44	0
1790531157	127107	716	16	24	14	42	0
1790531220	127170	715	16	24	17	39	0
1790531283	127233	715	16	24	12	44	0
1790531346	127296	715	16	24	12	44	0
1790531408	127358	715	16	24	11	45	0
1790531471	127421	715	16	24	10	46	0
1790531534	127484	715	16	24	10	46	0
1790531597	127547	715	17	24	9	47	0
1790531660	127610	715	17	24	10	46	0
1790531723	127673	715	17	24	12	44	0
1790531786	127736	715	17	24	13	43	0
1790531849	127799	715	17	24	16	40	0
1790531911	127861	715	17	24	17	39	0
1790531974	127924	715	18	24	15	41	0
1790532037	127987	715	18	25	10	46	0
1790532101	128051	715	18	25	12	44	0
1790532164	128114	714	19	25	13	43	0
1790532227	128177	714	19	25	17	39	0
1790532291	128241	714	19	25	12	44	0
1790532354	128304	714	19	25	7	48	0
1790532417	128367	714	19	25	9	47	0
1790532479	128429	714	20	25	12	44	0
1790532542	128492	714	20	25	11	45	0
1790532605	128555	714	20	25	12	44	0
1790532668	128618	714	20	25	10	46	0
1790532731	128681	714	20	25	7	49	0
1790532793	128743	714	20	25	10	46	0
1790532855	128805	714	20	25	7	49	0
1790532917	128867	714	20	26	7	49	0
1790532980	128930	714	20	26	11	45	0
1790533042	128992	714	20	26	12	44	0
1790533105	129055	713	20	26	10	46	0
1790533167	129117	713	20	26	12	43	0
1790533230	129180	713	20	26	12	44	0
1790533293	129243	713	20	26	12	44	0
1790533356	129306	713	20	26	14	42	0
1790533419	129369	713	20	26	11	45	0
1790533482	129432	713	20	26	14	42	0
1790533545	129495	713	20	26	12	44	0
1790533608	129558	713	20	26	12	44	0
1790533670	129620	713	20	26	8	48	0
1790533733	129683	713	20	26	11	45	0
1790533796	129746	713	20	27	12	44	0
1790533859	129809	713	20	27	12	44	0
1790533922	129872	713	20	27	15	41	0
1790533985	129935	712	20	27	14	41	0
1790534049	129999	712	20	27	13	43	0
1790534112	130062	712	20	27	10	45	0
1790534175	130125	712	20	27	13	43	0
1790534237	130187	712	20	27	13	43	0
1790534300	130250	712	20	27	15	41	0
1790534364	130314	712	20	27	17	39	0
1790534427	130377	712	20	27	17	39	0
1790534490	130440	712	20	27	12	44	0
1790534554	130504	712	20	27	13	43	0
1790534617	130567	712	20	27	13	43	0
1790534681	130631	712	20	27	10	46	0
1790534744	130694	712	20	28	7	49	0
1790534808	130758	712	20	28	14	42	0
1790534870	130820	711	20	28	15	41	0
1790534934	130884	711	20	28	8	48	0
1790534997	130947	711	20	28	8	48	0
1790535060	131010	711	21	28	13	43	0
1790535124	131074	711	21	28	14	42	0
1790535187	131137	711	21	28	15	41	0
1790535251	131201	711	21	28	17	39	0
1790535314	131264	711	22	28	12	44	0
1790535378	131328	711	22	28	14	42	0
1790535440	131390	711	23	28	12	44	0
1790535504	131454	711	23	28	9	46	0
1790535568	131518	711	23	28	7	49	0
1790535631	131581	711	23	29	15	40	0
1790535695	131645	711	23	29	12	43	0
1790535757	131707	710	23	29	9	47	0
1790535821	131771	710	23	29	12	44	0
1790535885	131835	710	24	29	12	44	0
1790535948	131898	710	24	29	9	47	0
1790536012	131962	710	24	29	10	46	0
1790536075	132025	710	24	29	18	38	0
1790536139	132089	710	24	29	8	48	0
1790536202	132152	710	24	29	9	47	0
1790536266	132216	710	24	29	11	45	0
1790536329	132279	710	24	29	12	44	0
1790536393	132343	710	24	29	10	46	0
1790536457	132407	710	24	29	14	42	0
1790536521	132471	710	24	30	15	41	0
1790536584	132534	710	24	30	12	44	0
1790536648	132598	709	24	30	9	47	0
1790536711	132661	709	24	30	10	46	0
1790536774	132724	709	24	30	12	44	0
1790536838	132788	709	24	30	9	47	0
1790536902	132852	709	24	30	6	50	0
1790536966	132916	709	24	30	10	46	0
1790537030	132980	709	24	30	8	48	0
1790537093	133043	709	24	30	9	46	0
1790537157	133107	709	24	30	12	44	0
1790537221	133171	709	24	30	14	42	0
1790537285	133235	709	24	30	9	47	0
1790537347	133297	709	24	30	13	43	0
1790537411	133361	709	24	31	7	49	0
1790537475	133425	709	24	31	11	45	0
1790537539	133489	708	24	31	12	44	0
1790537603	133553	708	24	31	11	45	0
1790537667	133617	708	24	31	10	46	0
1790537731	133681	708	24	31	6	50	0
1790537795	133745	708	24	31	9	47	0
1790537859	133809	708	24	31	14	42	0
1790537923	133873	708	24	31	8	48	0
1790537987	133937	708	24	31	11	45	0
1790538049	133999	708	24	31	11	45	0
1790538114	134064	708	24	31	13	43	0
1790538177	134127	708	25	31	11	45	0
1790538241	134191	708	25	32	7	48	0
1790538306	134256	708	25	32	13	43	0
1790538370	134320	707	25	32	14	42	0
1790538433	134383	707	25	32	14	42	0
1790538497	134447	707	25	32	13	43	0
1790538561	134511	707	25	32	13	43	0
1790538625	134575	707	26	32	9	47	0
1790538688	134638	707	26	32	7	49	0
1790538752	134702	707	26	32	11	44	0
1790538816	134766	707	26	32	8	48	0
1790538880	134830	707	26	32	15	41	0
1790538943	134893	707	27	32	6	49	0
1790539007	134957	707	27	32	6	50	0
1790539071	135021	707	27	32	7	49	0
1790539134	135084	707	27	32	8	48	0
1790539198	135148	707	27	32	11	45	0
1790539262	135212	707	27	32	8	48	0
1790539324	135274	707	27	33	14	42	0
1790539387	135337	707	27	33	8	48	0
1790539451	135401	707	27	33	7	49	0
1790539515	135465	707	27	33	7	49	0
1790539578	135528	706	27	33	6	49	0
1790539642	135592	706	27	33	7	49	0
1790539705	135655	706	27	33	11	45	0
1790539769	135719	706	27	33	5	51	0
1790539833	135783	706	27	33	6	49	0
1790539896	135846	706	27	33	9	47	0
1790539959	135909	706	27	33	10	46	0
1790540023	135973	706	27	33	6	49	0
1790540087	136037	706	27	33	5	51	0
1790540150	136100	706	27	33	9	47	0
1790540214	136164	706	27	33	7	49	0
1790540278	136228	706	27	33	6	50	0
1790540341	136291	706	27	33	6	50	0
1790540403	136353	706	27	33	4	52	0
1790540468	136418	706	27	33	6	50	0
1790540531	136481	706	27	33	6	49	0
1790540595	136545	706	27	33	8	48	0
1790540658	136608	706	27	34	6	50	0
1790540722	136672	706	27	34	9	47	0
1790540785	136735	706	28	34	7	49	0
1790540849	136799	705	28	34	7	49	0
1790540911	136861	705	28	34	3	53	0
1790540975	136925	705	29	34	4	52	0
1790541038	136988	705	29	34	5	51	0
1790541102	137052	705	29	35	5	51	0
1790541167	137117	701	29	38	5	51	0
1790541231	137181	700	29	39	5	51	0
1790541295	137245	700	29	39	6	50	0
1790541359	137309	699	29	40	5	51	0
1790541423	137373	694	30	45	4	52	0
1790541488	137438	693	30	46	3	53	0
1790541552	137502	693	30	46	3	53	0
1790541614	137564	693	30	46	3	53	0
1790541678	137628	693	30	46	3	53	0
1790541743	137693	692	30	47	3	53	0
1790541807	137757	692	30	47	3	53	0
1790541871	137821	692	30	47	3	53	0
1790541935	137885	692	30	47	3	53	0
1790541999	137949	692	30	48	3	53	0
1790542063	138013	691	30	48	3	53	0
1790542127	138077	691	30	48	3	53	0
1790542191	138141	691	30	48	3	53	0
1790542255	138205	691	30	49	3	53	0
1790542318	138268	690	30	49	3	53	0
1790542382	138332	690	30	49	3	53	0
1790542446	138396	690	30	49	3	53	0
1790542510	138460	690	30	50	3	53	0
1790542575	138525	689	30	50	3	53	0
1790542639	138589	689	30	50	3	53	0
1790542703	138653	689	30	50	3	53	0
1790542767	138717	689	30	51	3	53	0
1790542831	138781	688	30	51	3	53	0
1790542896	138846	688	30	51	3	53	0
1790542958	138908	688	30	51	3	53	0
1790543022	138972	688	30	52	3	53	0
1790543086	139036	687	30	52	3	53	0
1790543151	139101	687	30	52	3	53	0
1790543215	139165	687	30	52	3	53	0
1790543279	139229	687	30	52	3	53	0
1790543343	139293	686	30	53	3	53	0
1790543407	139357	686	30	53	3	53	0
1790543471	139421	686	30	53	3	53	0
1790543536	139486	686	30	53	3	53	0
1790543600	139550	685	30	54	3	53	0
1790543664	139614	685	30	54	3	53	0
1790543727	139677	685	30	54	3	53	0
1790543791	139741	685	30	54	3	53	0
1790543855	139805	685	30	55	2	53	0
1790543920	139870	685	30	55	3	53	0
1790543984	139934	685	30	55	3	53	0
1790544048	139998	685	30	55	3	53	0
1790544113	140063	685	30	55	2	53	0
1790544177	140127	684	30	55	2	53	0
1790544241	140191	684	30	55	3	53	0
1790544306	140256	684	30	55	3	53	0
1790544370	140320	684	30	55	3	53	0
1790544433	140383	684	30	55	2	53	0
1790544497	140447	684	30	55	3	53	0
1790544562	140512	684	30	55	3	53	0
1790544626	140576	684	30	55	3	53	0
1790544691	140641	684	30	55	2	53	0
1790544754	140704	684	30	55	12	44	0
1790544818	140768	684	30	55	13	43	0
1790544881	140831	684	30	55	13	43	0
1790544944	140894	684	30	55	13	43	0
1790545007	140957	680	30	60	3	53	0
1790545070	141020	665	30	75	3	53	0
1790545133	141083	659	30	80	3	53	0
1790545199	141149	659	30	80	3	53	0
1790545262	141212	659	30	80	3	53	0
1790545324	141274	659	30	80	3	53	0
1790545387	141337	659	30	80	3	53	0
1790545450	141400	659	30	80	3	53	0
1790545512	141462	659	30	80	3	53	0
1790545575	141525	659	30	80	3	53	0
1790545638	141588	659	30	80	3	53	0
1790545701	141651	659	30	80	3	53	0
1790545764	141714	659	30	80	3	53	0
1790545828	141778	659	30	80	3	53	0
1790545891	141841	659	30	80	3	53	0
1790545954	141904	659	30	80	3	53	0
1790546017	141967	659	30	80	3	53	0
1790546080	142030	659	30	80	3	53	0
1790546142	142092	659	30	80	3	53	0
1790546205	142155	659	30	80	3	53	0
1790546268	142218	659	30	80	3	53	0
1790546332	142282	659	30	80	3	53	0
1790546396	142346	659	30	80	3	53	0
1790546458	142408	659	30	80	3	53	0
1790546521	142471	659	30	80	3	53	0
1790546585	142535	659	30	80	3	53	0
1790546649	142599	659	30	80	3	53	0
1790546712	142662	659	30	80	3	53	0
1790546776	142726	659	30	80	3	53	0
1790546839	142789	659	30	80	3	53	0
1790546902	142852	659	30	80	3	53	0
1790546965	142915	659	30	80	3	53	0
1790547027	142977	659	30	80	3	53	0
1790547089	143039	659	30	80	3	53	0
1790547152	143102	659	30	80	3	53	0
1790547215	143165	659	30	80	3	53	0
1790547278	143228	659	30	80	3	53	0
1790547341	143291	659	30	80	3	53	0
1790547404	143354	659	30	80	3	53	0
1790547467	143417	659	30	80	3	53	0
1790547531	143481	659	30	80	3	53	0
1790547594	143544	659	30	80	3	53	0
1790547656	143606	659	30	80	3	53	0
1790547720	143670	659	30	80	3	53	0
1790547783	143733	659	30	80	3	53	0
1790547847	143797	659	30	80	3	53	0
1790547911	143861	659	30	80	3	53	0
1790547974	143924	659	30	80	3	53	0
1790548037	143987	659	30	80	3	53	0
1790548101	144051	659	30	80	3	53	0
1790548164	144114	659	30	80	3	53	0
1790548228	144178	684	30	55	4	52	0
1790548290	144240	666	30	73	4	51	0
1790548353	144303	658	30	81	4	51	0
1790548417	144367	654	30	85	4	51	0
1790548481	144431	650	30	89	4	52	0
1790548546	144496	634	30	105	4	51	0
1790548609	144559	619	30	120	4	52	0
1790548673	144623	612	30	127	4	52	0
1790548738	144688	602	30	137	4	52	0
1790548802	144752	597	30	142	4	52	0
1790548866	144816	589	30	150	3	53	0
1790548930	144880	589	30	150	3	53	0
1790548995	144945	589	30	150	3	53	0
1790549058	145008	589	30	150	3	53	0
1790549122	145072	589	30	150	3	53	0
1790549187	145137	589	30	150	3	53	0
1790549251	145201	589	30	150	3	53	0
1790549315	145265	589	30	150	3	53	0
1790549379	145329	589	30	150	3	53	0
1790549443	145393	589	30	150	3	53	0
1790549507	145457	589	30	150	3	53	0
1790549571	145521	589	30	150	3	53	0
1790549635	145585	589	30	150	3	53	0
1790549699	145649	589	30	150	3	53	0
1790549763	145713	589	30	150	3	53	0
1790549827	145777	589	30	150	3	53	0
1790549890	145840	589	30	150	3	53	0
1790549954	145904	589	30	150	3	53	0
1790550018	145968	589	30	150	3	53	0
1790550082	146032	589	30	150	3	53	0
1790550146	146096	589	30	150	3	53	0
1790550209	146159	589	30	150	3	53	0
1790550273	146223	589	30	150	3	53	0
1790550337	146287	589	30	150	3	53	0
1790550399	146349	589	30	150	3	53	0
1790550463	146413	589	30	150	3	53	0
1790550527	146477	589	30	150	3	53	0
1790550591	146541	589	30	150	3	53	0
1790550655	146605	589	30	150	3	53	0
1790550719	146669	589	30	150	3	53	0
1790550783	146733	589	30	150	3	53	0
1790550847	146797	589	30	150	3	53	0
1790550911	146861	589	30	150	3	53	0
1790550974	146924	589	30	150	3	53	0
1790551037	146987	589	30	150	3	53	0
1790551101	147051	589	30	150	3	53	0
1790551165	147115	589	30	150	3	53	0
1790551229	147179	589	30	150	3	53	0
1790551293	147243	589	30	150	3	53	0
1790551357	147307	589	30	150	3	53	0
1790551420	147370	589	30	150	3	53	0
1790551484	147434	589	30	150	3	53	0
1790551548	147498	589	30	150	3	53	0
1790551612	147562	589	30	150	3	53	0
1790551675	147625	589	30	150	3	53	0
1790551739	147689	589	30	150	3	53	0
1790551803	147753	589	30	150	3	53	0
1790551867	147817	589	30	150	3	53	0
1790551930	147880	589	30	150	3	53	0
1790551994	147944	589	30	150	3	53	0
1790552058	148008	589	30	150	3	53	0
1790552121	148071	589	30	150	3	53	0
1790552184	148134	589	30	150	3	53	0
1790552247	148197	589	30	150	3	53	0
1790552310	148260	589	30	150	3	53	0
1790552373	148323	589	30	150	3	53	0
1790552436	148386	589	30	150	3	53	0
1790552499	148449	589	30	150	3	53	0
1790552563	148513	589	30	150	3	53	0
1790552626	148576	589	30	150	3	53	0
1790552689	148639	589	30	150	3	53	0
1790552752	148702	589	30	150	3	53	0
1790552815	148765	589	30	150	3	53	0
1790552878	148828	589	30	150	3	53	0
1790552941	148891	589	30	150	3	53	0
1790553004	148954	589	30	150	3	53	0
1790553067	149017	589	30	150	3	53	0
1790553131	149081	589	30	150	3	53	0
1790553194	149144	589	30	150	3	53	0
1790553257	149207	589	30	150	3	53	0
1790553320	149270	589	30	150	3	53	0
1790553384	149334	589	30	150	3	53	0
1790553447	149397	589	30	150	3	53	0
1790553509	149459	589	30	150	3	53	0
1790553572	149522	589	30	150	3	53	0
1790553636	149586	589	30	150	3	53	0
1790553699	149649	589	30	150	3	53	0
1790553762	149712	589	30	150	3	53	0
1790553826	149776	589	30	150	3	53	0
1790553889	149839	589	30	150	3	53	0
1790553952	149902	589	30	150	3	53	0
1790554015	149965	589	30	150	3	53	0
1790554079	150029	589	30	150	3	53	0
1790554141	150091	589	30	150	3	53	0
1790554205	150155	589	30	150	3	53	0
1790554268	150218	589	30	150	3	53	0
1790554331	150281	589	30	150	3	53	0
1790554395	150345	589	30	150	3	53	0
1790554458	150408	589	30	150	3	53	0
1790554521	150471	589	30	150	3	53	0
1790554585	150535	589	30	150	3	53	0
1790554648	150598	589	30	150	3	53	0
1790554712	150662	589	30	150	3	53	0
1790554774	150724	589	30	150	3	53	0
1790554837	150787	589	30	150	3	53	0
1790554901	150851	589	30	150	3	53	0
1790554965	150915	589	30	150	3	53	0
1790555028	150978	589	30	150	3	53	0
1790555091	151041	589	30	150	3	53	0
1790555155	151105	589	30	150	3	53	0
1790555218	151168	589	30	150	3	53	0
1790555282	151232	589	30	150	3	53	0
1790555345	151295	589	30	150	3	53	0
1790555407	151357	589	30	150	3	53	0
1790555471	151421	589	30	150	3	53	0
1790555534	151484	589	30	150	3	53	0
1790555598	151548	589	30	150	3	53	0
1790555661	151611	589	30	150	3	53	0
1790555725	151675	589	30	150	3	53	0
1790555788	151738	589	30	150	3	53	0
1790555852	151802	589	30	150	3	53	0
1790555915	151865	589	30	150	3	53	0
1790555978	151928	589	30	150	3	53	0
1790556041	151991	589	30	150	3	53	0
1790556105	152055	589	30	150	3	53	0
1790556168	152118	589	30	150	3	53	0
1790556232	152182	589	30	150	3	53	0
1790556295	152245	589	30	150	3	53	0
1790556359	152309	589	30	150	3	53	0
1790556423	152373	589	30	150	3	53	0
1790556487	152437	589	30	150	3	53	0
1790556551	152501	589	30	150	3	53	0
1790556613	152563	589	30	150	3	53	0
1790556677	152627	589	30	150	3	53	0
1790556741	152691	589	30	150	3	53	0
1790556805	152755	589	30	150	3	53	0
1790556869	152819	589	30	150	3	53	0
1790556932	152882	589	30	150	3	53	0
1790556996	152946	589	30	150	3	53	0
1790557060	153010	589	30	150	3	53	0
1790557124	153074	589	30	150	3	53	0
1790557188	153138	589	30	150	3	53	0
1790557250	153200	589	30	150	3	53	0
1790557314	153264	589	30	150	3	53	0
1790557378	153328	589	30	150	3	53	0
1790557442	153392	589	30	150	3	53	0
1790557506	153456	589	30	150	3	53	0
1790557568	153518	589	30	150	3	53	0
1790557632	153582	589	30	150	3	53	0
1790557696	153646	589	30	150	3	53	0
1790557760	153710	589	30	150	3	53	0
1790557824	153774	589	30	150	3	53	0
1790557887	153837	589	30	150	3	53	0
1790557951	153901	589	30	150	3	53	0
1790558015	153965	589	30	150	3	53	0
1790558079	154029	589	30	150	3	53	0
1790558143	154093	589	30	150	3	53	0
1790558206	154156	684	30	55	2	54	0
1790558270	154220	684	30	55	2	54	0
1790558335	154285	684	30	55	2	54	0
1790558399	154349	684	30	55	2	54	0
1790558463	154413	684	30	55	2	54	0
1790558528	154478	684	30	55	2	54	0
1790558592	154542	684	30	55	2	54	0
1790558656	154606	693	30	46	4	52	0
1790558721	154671	693	30	46	2	54	0
1790558785	154735	693	30	46	2	54	0
1790558849	154799	693	30	46	2	54	0
1790558912	154862	693	30	46	2	54	0
1790558976	154926	693	30	46	2	54	0
1790559039	154989	693	30	46	2	54	0
1790559103	155053	693	30	46	2	54	0
1790559167	155117	693	30	46	2	54	0
1790559231	155181	693	30	46	2	54	0
1790559295	155245	693	30	46	2	53	0
1790559359	155309	693	30	46	1	55	0
1790559423	155373	693	30	46	1	55	0
1790559485	155435	693	30	46	1	55	0
1790559549	155499	693	30	46	1	55	0
1790559613	155563	693	30	46	1	55	0
1790559676	155626	693	30	46	1	55	0
1790559740	155690	693	30	46	1	55	0
1790559804	155754	693	30	46	1	55	0
1790559868	155818	693	30	46	1	55	0
1790559932	155882	693	30	46	1	55	0
1790560000	155950	693	30	46	1	55	0
1790560064	156014	693	30	46	1	55	0
1790560128	156078	693	30	46	1	55	0
1790560190	156140	693	30	46	1	55	0
1790560254	156204	693	30	46	1	55	0
1790560318	156268	693	30	46	1	55	0
1790560382	156332	693	30	46	1	55	0
1790560444	156394	693	30	46	1	55	0
1790560508	156458	693	30	46	1	55	0
1790560572	156522	693	30	46	1	55	0
1790560636	156586	693	30	46	1	55	0
1790560699	156649	693	30	46	1	55	0
1790560763	156713	693	30	46	1	55	0
1790560827	156777	693	30	46	1	55	0
1790560891	156841	693	30	46	1	55	0
1790560953	156903	693	30	46	1	55	0
1790561016	156966	693	30	46	1	55	0
1790561079	157029	693	30	46	1	55	0
1790561142	157092	693	30	46	1	55	0
1790561205	157155	693	30	46	1	55	0
1790561267	157217	693	30	46	1	55	0
1790561329	157279	693	30	46	1	55	0
1790561392	157342	693	30	46	1	55	0
1790561455	157405	693	30	46	1	55	0
1790561517	157467	693	30	46	1	55	0
1790561578	157528	693	30	46	1	55	0
1790561641	157591	693	30	46	1	55	0
1790561704	157654	693	30	46	1	55	0
1790561766	157716	693	30	46	1	55	0
1790561829	157779	693	30	46	1	55	0
1790561892	157842	693	30	46	1	55	0
1790561954	157904	693	30	46	1	55	0
1790562017	157967	693	30	46	1	55	0
1790562080	158030	693	30	46	1	55	0
1790562143	158093	693	30	46	1	55	0
1790562206	158156	693	30	46	1	55	0
1790562269	158219	693	30	46	1	55	0
1790562332	158282	693	30	46	1	55	0
1790562396	158346	693	30	46	1	55	0
1790562459	158409	693	30	46	1	55	0
1790562521	158471	693	30	46	1	55	0
1790562585	158535	693	30	46	1	55	0
1790562648	158598	693	30	46	1	55	0
1790562712	158662	693	30	46	1	55	0
1790562776	158726	693	30	46	1	55	0
1790562839	158789	693	30	46	1	55	0
1790562902	158852	693	30	46	1	55	0
1790562966	158916	693	30	46	1	55	0
1790563030	158980	693	30	46	1	55	0
1790563092	159042	693	30	46	1	55	0
1790563156	159106	693	30	46	1	55	0
1790563220	159170	693	30	46	1	55	0
1790563283	159233	693	30	46	1	55	0
1790563347	159297	693	30	46	1	55	0
1790563409	159359	693	30	46	1	55	0
1790563472	159422	693	30	46	1	55	0
1790563536	159486	693	30	46	1	55	0
1790563600	159550	693	30	46	1	55	0
1790563663	159613	693	30	46	1	55	0
1790563727	159677	693	30	46	1	55	0
1790563790	159740	693	30	46	1	55	0
1790563854	159804	693	30	46	1	55	0
1790563916	159866	693	30	46	1	55	0
1790563980	159930	693	30	46	1	55	0
1790564044	159994	693	30	46	1	55	0
1790564108	160058	693	30	46	1	55	0
1790564171	160121	693	30	46	1	55	0
1790564235	160185	693	30	46	1	55	0
1790564297	160247	693	30	46	1	55	0
1790564361	160311	693	30	46	1	55	0
1790564425	160375	693	30	46	1	55	0
1790564488	160438	693	30	46	1	55	0
1790564551	160501	693	30	46	1	55	0
1790564614	160564	693	30	46	1	55	0
1790564677	160627	693	30	46	1	55	0
1790564740	160690	693	30	46	1	55	0
1790564803	160753	693	30	46	1	55	0
1790564866	160816	693	30	46	1	55	0
1790564929	160879	693	30	46	1	55	0
1790564992	160942	693	30	46	1	55	0
1790565056	161006	693	30	46	1	55	0
1790565119	161069	693	30	46	1	55	0
