rank	gcf	status	priority	distance	isolation	evidence	members	genomes	genera	intact	coupling_class	reference_status	reference_pct_id	reference_organism	coupling_divergence	pepm_divergence
1	36	ranked	0.4021	0.6685	0.6685	0.6015	5	5	1	0.8	Decarboxylase	distant only	38.5	Streptomyces luridus	0.615	0.582
2	35	ranked	0.2926	0.4458	0.4458	0.6562	16	16	1	0.688	Decarboxylase	distant only	37.7	Streptomyces luridus	0.626	0.584
3	25	ranked	0.2861	0.3991	0.3991	0.7167	18	18	1	0.889	Synthase	distant only	56.2	Pantoea ananatis	0.438	0.6
4	30	ranked	0.2766	0.4936	0.4936	0.5604	2	2	1	1.0	Decarboxylase	distant only	40.4	Glycomyces sp.	0.596	0.571
5	44	ranked	0.2729	0.4861	0.4861	0.5615	5	5	1	1.0	-	none for this class				
6	51	ranked	0.2656	0.474	0.474	0.5604	2	2	1	1.0	Transaminase	distant only	43.0	Streptomyces sp.	0.57	0.493
7	46	ranked	0.2651	0.4732	0.4732	0.5604	2	2	1	1.0	Decarboxylase	distant only	45.4	Glycomyces sp.	0.546	0.488
8	27	ranked	0.2617	0.3108	0.3108	0.8421	38	38	16	0.474	Decarboxylase	distant only	44.3	Streptomyces fradiae	0.59	0.56
9	66	ranked	0.2451	0.4891	0.4891	0.5012	1	1	1	1.0	Transaminase	distant only	41.6	Streptomyces sp.	0.584	0.507
10	33	ranked	0.2438	0.4861	0.4861	0.5015	5	5	1	0.8	-	none for this class				
11	69	ranked	0.242	0.4828	0.4828	0.5012	1	1	1	1.0	Transaminase	distant only	40.5	Streptomyces sp.	0.595	0.503
12	39	ranked	0.2385	0.396	0.396	0.6023	3	3	1	1.0	Decarboxylase	distant only	37.7	Streptomyces luridus	0.623	0.584
13	15	ranked	0.2204	0.2954	0.2954	0.7462	78	78	1	0.987	Decarboxylase	distant only	43.1	Glycomyces sp.	0.569	0.472
14	40	ranked	0.2154	0.2872	0.2872	0.75	22	22	1	1.0	Reductase	distant only	23.9	Streptomyces durhamensis	0.761	0.589
15	26	ranked	0.2069	0.2532	0.2532	0.8169	31	31	2	0.806	Decarboxylase	distant only	44.5	Streptomyces luridus	0.56	0.545
16	53	ranked	0.2058	0.3242	0.3242	0.6349	4	4	1	1.0	Decarboxylase	distant only	46.0	Glycomyces sp.	0.54	0.462
17	49	ranked	0.2028	0.362	0.362	0.5604	2	2	1	1.0	Synthase	distant only	54.8	Pantoea ananatis	0.452	0.605
18	54	ranked	0.1999	0.3319	0.3319	0.6023	3	3	1	1.0	Decarboxylase	distant only	47.7	Glycomyces sp.	0.523	0.465
19	43	ranked	0.1986	0.3002	0.3002	0.6615	5	5	1	1.0	Reductase	distant only	24.8	Streptomyces durhamensis	0.752	0.581
20	47	ranked	0.1966	0.3096	0.3096	0.6349	4	4	1	1.0	Decarboxylase	distant only	45.4	Glycomyces sp.	0.546	0.462
21	60	ranked	0.1879	0.375	0.375	0.5012	1	1	1	1.0	Synthase	distant only	57.8	Pantoea ananatis	0.422	0.615
22	45	ranked	0.1854	0.3308	0.3308	0.5604	2	2	1	1.0	Decarboxylase	distant only	46.8	Glycomyces sp.	0.532	0.465
23	1	ranked	0.1852	0.3847	0.3847	0.4815	5	5	1	0.4	Synthase	distant only	58.6	Pantoea ananatis	0.414	0.585
24	31	ranked	0.1806	0.2804	0.2804	0.6441	17	17	1	0.647	Decarboxylase	distant only	42.3	Streptomyces fradiae	0.589	0.578
25	52	ranked	0.1804	0.3219	0.3219	0.5604	2	2	1	1.0	Reductase	distant only	18.5	Streptomyces durhamensis	0.815	0.596
26	56	ranked	0.1791	0.3196	0.3196	0.5604	2	2	1	1.0	Decarboxylase	distant only	34.8	Streptomyces luridus	0.652	0.585
27	61	ranked	0.1782	0.3556	0.3556	0.5012	1	1	1	1.0	Decarboxylase	distant only	38.1	Glycomyces sp.	0.619	0.603
28	55	ranked	0.1768	0.3155	0.3155	0.5604	2	2	1	1.0	Decarboxylase	distant only	47.2	Glycomyces sp.	0.535	0.491
29	72	ranked	0.1728	0.3447	0.3447	0.5012	1	1	1	1.0	Decarboxylase	distant only	43.2	Streptomyces fradiae	0.568	0.497
30	41	ranked	0.1724	0.3084	0.3084	0.559	6	6	2	0.167	Reductase	distant only	26.1	Streptomyces durhamensis	0.743	0.581
31	58	ranked	0.17	0.3392	0.3392	0.5012	1	1	1	1.0	Decarboxylase	distant only	40.3	Streptomyces fradiae	0.597	0.542
32	37	ranked	0.1674	0.2911	0.2911	0.5749	7	7	1	0.571	Synthase	distant only	23.3	Pantoea ananatis	0.776	0.6
33	59	ranked	0.162	0.3233	0.3233	0.5012	1	1	1	1.0	Reductase	distant only	22.2	Streptomyces durhamensis	0.778	0.577
34	63	ranked	0.162	0.3233	0.3233	0.5012	1	1	1	1.0	Reductase	distant only	22.3	Streptomyces durhamensis	0.777	0.589
35	64	ranked	0.1613	0.3219	0.3219	0.5012	1	1	1	1.0	Reductase	distant only	19.4	Streptomyces durhamensis	0.806	0.589
36	68	ranked	0.1602	0.3196	0.3196	0.5012	1	1	1	1.0	Synthase	distant only	34.6	Pantoea ananatis	0.654	0.585
37	67	ranked	0.1539	0.3071	0.3071	0.5012	1	1	1	1.0	Reductase	distant only	28.5	Streptomyces durhamensis	0.715	0.593
38	57	ranked	0.1507	0.3008	0.3008	0.5012	1	1	1	1.0	Decarboxylase	distant only	48.5	Glycomyces sp.	0.515	0.473
39	14	ranked	0.149	0.2552	0.2552	0.584	6	6	1	0.667	Decarboxylase	distant only	46.6	Glycomyces sp.	0.534	0.465
40	34	ranked	0.1483	0.3685	0.3685	0.4023	3	3	1	0.333	Synthase	distant only	55.4	Pantoea ananatis	0.446	0.615
41	38	ranked	0.1402	0.2911	0.2911	0.4815	5	5	1	0.4	Decarboxylase	distant only	28.7	Streptomyces fradiae	0.722	0.615
42	48	ranked	0.1382	0.5283	0.5283	0.2615	5	5	1	0.0	-	none for this class				
43	65	ranked	0.1295	0.3228	0.3228	0.4012	1	1	1	1.0	-	none for this class				
44	16	ranked	0.1223	0.1739	0.1739	0.7035	7	7	1	1.0	Decarboxylase	distant only	49.8	Glycomyces sp.	0.514	0.471
45	50	ranked	0.1179	0.309	0.309	0.3815	5	5	1	0.4	-	none for this class				
46	62	ranked	0.0991	0.4924	0.4924	0.2012	1	1	1	0.0	Transaminase	distant only	41.1	Streptomyces sp.	0.589	0.511
47	42	ranked	0.0942	0.362	0.362	0.2604	2	2	1	0.0	Synthase	distant only	55.1	Pantoea ananatis	0.449	0.608
48	28	ranked	0.0911	0.1696	0.1696	0.5373	55	55	1	0.291	Decarboxylase	distant only	41.0	Streptomyces fradiae	0.59	0.56
49	70	ranked	0.078	0.3879	0.3879	0.2012	1	1	1	0.0	Synthase	distant only	58.6	Pantoea ananatis	0.414	0.6
50	5	ranked	0.0764	0.1003	0.1003	0.7625	32	32	2	0.625	Decarboxylase	distant only	52.7	Glycomyces sp.	0.5	0.468
51	32	ranked	0.0736	0.1696	0.1696	0.434	6	6	1	0.167	Decarboxylase	distant only	41.3	Streptomyces fradiae	0.587	0.545
52	71	ranked	0.0682	0.3392	0.3392	0.2012	1	1	1	0.0	Decarboxylase	distant only	40.3	Streptomyces fradiae	0.597	0.542
53	10	ranked	0.0568	0.0884	0.0884	0.6429	28	28	1	0.643	Decarboxylase	distant only	50.6	Glycomyces sp.	0.54	0.461
54	11	ranked	0.0548	0.0768	0.0768	0.7125	24	24	1	0.875	Decarboxylase	distant only	49.6	Glycomyces sp.	0.511	0.468
55	4	ranked	0.0523	0.0804	0.0804	0.65	30	30	1	0.667	Decarboxylase	distant only	46.9	Streptomyces fradiae	0.558	0.449
56	8	ranked	0.0455	0.063	0.063	0.7214	21	21	1	0.905	Decarboxylase	distant only	50.2	Glycomyces sp.	0.511	0.468
57	7	ranked	0.0395	0.0572	0.0572	0.69	100	100	1	0.8	Decarboxylase	distant only	50.0	Glycomyces sp.	0.519	0.471
58	2	ranked	0.0385	0.0524	0.0524	0.7346	39	39	1	0.949	Decarboxylase	distant only	44.9	Glycomyces sp.	0.556	0.469
59	3	ranked	0.0363	0.0484	0.0484	0.75	53	53	1	1.0	Decarboxylase	distant only	45.4	Glycomyces sp.	0.554	0.47
60	29	ranked	0.0347	0.0489	0.0489	0.7091	22	22	1	0.864	Decarboxylase	distant only	36.1	Streptomyces fradiae	0.639	0.567
61	9	ranked	0.0344	0.047	0.047	0.731	126	126	1	0.937	Decarboxylase	distant only	50.6	Glycomyces sp.	0.514	0.474
62	6	ranked	0.0292	0.0474	0.0474	0.6158	38	38	1	0.553	Decarboxylase	distant only	46.9	Glycomyces sp.	0.538	0.461
63	12	ranked	0.0232	0.0337	0.0337	0.6888	49	49	1	0.796	Decarboxylase	distant only	48.9	Glycomyces sp.	0.522	0.471
64	13	ranked	0.0194	0.0274	0.0274	0.7071	28	28	1	0.857	Decarboxylase	distant only	48.9	Glycomyces sp.	0.524	0.471
65	17	ranked	0.0	0.0	0.4957	0.675	16	16	1	0.75	Synthase	characterised	64.0	Streptomyces rubellomurinus	0.366	0.544
66	18	ranked	0.0	0.0	0.122	0.7147	17	17	1	0.882	Synthase	characterised	71.2	Pantoea ananatis	0.288	0.331
67	19	ranked	0.0	0.0	0.1755	0.4361	9	9	1	0.0	Synthase	characterised	68.5	Pantoea ananatis	0.315	0.342
68	20	ranked	0.0	0.0	0.1235	0.675	30	30	2	0.333	Synthase	characterised	75.3	Pantoea ananatis	0.285	0.318
69	21	ranked	0.0	0.0	0.2136	0.6082	8	8	1	0.625	Synthase	characterised	70.2	Pantoea ananatis	0.301	0.342
70	22	ranked	0.0	0.0	0.0196	0.8492	186	186	2	0.914	Synthase	characterised	100.0	Pantoea ananatis	0.0	0.0
71	23	ranked	0.0	0.0	0.1017	0.7071	21	21	1	0.857	Synthase	characterised	93.8	Pantoea ananatis	0.062	0.12
72	24	ranked	0.0	0.0	0.1231	0.6964	28	28	1	0.821	Synthase	characterised	99.7	Pantoea ananatis	0.016	0.021
