GCA_013390245.1	complete	5	5520287	4954350	Citrobacter freundii
GCA_019502645.1	complete	3	5357557	4830928	Citrobacter braakii
GCA_014622685.1	complete	3	627361	617483	Buchnera aphidicola (Pentalonia nigronervosa)
GCA_029718425.1	complete	1	4965627	4965627	Citrobacter braakii
GCA_013726215.1	complete	1	4818023	4818023	Citrobacter freundii
GCA_015134315.1	complete	2	263895	258283	Candidatus Stammera capleta
GCA_032346775.2	complete	8	5314190	4917515	Citrobacter freundii
GCA_014337315.1	complete	3	5568038	5128186	Citrobacter freundii
GCA_015134695.1	complete	2	274490	267656	Candidatus Stammera capleta
GCA_023585885.1	complete	1	789868	789868	Blochmannia endosymbiont of Camponotus modoc
GCA_054977405.1	complete	5	4964056	4719348	Citrobacter braakii
GCA_023374915.1	complete	3	5487144	5108147	Citrobacter freundii
GCA_000021085.1	complete	1	642122	642122	Buchnera aphidicola str. 5A (Acyrthosiphon pisum)
GCA_964058995.1	complete	1	474096	474096	Buchnera aphidicola (Chaitophorus populicola)
GCA_026684215.1	complete	3	643373	632746	Buchnera aphidicola (Aphis craccivora)
GCA_900698935.1	complete	2	1131610	1057527	Candidatus Erwinia haradaeae
GCA_024029855.1	complete	1	462390	462390	Buchnera aphidicola (Sipha maydis)
GCA_003665675.1	complete	2	5246590	5195086	Citrobacter freundii
GCA_041319935.1	complete	3	5465032	5178291	Citrobacter cronae
GCA_011068345.1	complete	1	4483592	4483592	Atlantibacter hermannii
GCA_016505285.2	complete	3	5663418	5227853	Citrobacter freundii
GCA_029338175.1	complete	1	4915451	4915451	Citrobacter enshiensis
GCA_029873555.1	complete	17	4739501	3773508	Arsenophonus nasoniae
GCA_019923565.1	complete	1	572184	572184	Candidatus Schneideria nysicola
GCA_002211705.1	complete	3	5602472	5242839	Citrobacter freundii
GCA_000364725.1	complete	1	538203	538203	Candidatus Moranella endobia PCVAL
GCA_015134355.1	complete	2	268511	262947	Candidatus Stammera capleta
GCA_023612475.1	complete	6	5013284	4907484	Citrobacter freundii
GCA_013826265.1	complete	4	5133131	4928912	Citrobacter freundii
GCA_013826505.1	complete	7	5443337	5062205	Citrobacter freundii
GCA_008931685.1	complete	6	5613343	5070767	Citrobacter freundii
GCA_964275155.1	complete	1	1149707	1149707	Candidatus Curculioniphilus buchneri endosymbiont of Curculio glandium
GCA_031432815.1	complete	5	5501836	5100453	Citrobacter freundii
GCA_013786025.1	complete	1	4783420	4783420	Citrobacter freundii
GCA_029717925.1	complete	1	4956050	4956050	Citrobacter braakii
GCA_039381205.1	complete	3	427360	417640	Buchnera aphidicola (Nippolachnus piri)
GCA_039355125.1	complete	1	432979	432979	Buchnera aphidicola (Takecallis taiwana)
GCA_052171275.1	complete	2	2028226	2020310	Arsenophonus sp.
GCA_900044015.1	complete	3	636713	628221	Candidatus Hoaglandella endobia
GCA_964019855.1	complete	1	459522	459522	Buchnera aphidicola (Periphyllus acericola)
GCA_015134795.1	complete	5	5324575	5044118	Citrobacter freundii
GCA_023585845.1	complete	1	776475	776475	Candidatus Blochmannia vicinus (nom. nud.)
GCA_014879315.1	complete	1	574999	574999	Candidatus Riesia pediculicola
GCA_023585785.1	complete	1	790674	790674	Blochmannia endosymbiont of Camponotus modoc
GCA_039830035.1	complete	1	619106	619106	Buchnera aphidicola (Meitanaphis flavogallis)
GCA_024349745.1	complete	1	2258324	2258324	Candidatus Hamiltonella defensa (Ceratovacuna japonica)
GCA_024347735.1	complete	10	5711529	5250168	Citrobacter braakii
GCA_041943675.1	complete	1	456731	456731	Candidatus Dasytiphilus stammeri
GCA_059739475.1	complete	5	5682565	5299476	Citrobacter braakii
GCA_030178515.1	complete	2	5225685	5188585	Citrobacter freundii
GCA_055901195.2	complete	4	5467662	5249321	Citrobacter europaeus
GCA_001022275.1	complete	7	5390649	5029496	Citrobacter freundii
GCA_005484965.1	complete	1	4891702	4891702	Brenneria nigrifluens DSM 30175 = ATCC 13028
GCA_000007365.1	complete	1	641454	641454	Buchnera aphidicola str. Sg (Schizaphis graminum)
GCA_013743055.1	complete	7	5578065	5099027	Citrobacter freundii
GCA_014725915.1	complete	2	5546039	5268984	Citrobacter freundii
GCA_003122425.1	complete	4	3131594	2824008	Candidatus Fukatsuia symbiotica
GCA_018323885.1	complete	4	5073658	4717872	Citrobacter amalonaticus
GCA_029716315.1	complete	1	5040939	5040939	Citrobacter braakii
GCA_013815045.1	complete	1	5042664	5042664	Citrobacter freundii
GCA_030849165.1	complete	1	236266	236266	Candidatus Psyllophila symbiotica
GCA_003096055.1	complete	3	637486	626137	Buchnera aphidicola (Melanaphis sacchari)
GCA_040208185.1	complete	1	5457593	5457593	Acerihabitans sp. KWT182
GCA_015140255.1	complete	2	307816	301995	Candidatus Stammera capleta
GCA_013739375.1	complete	5	5170324	5044080	Citrobacter freundii
GCA_023586085.1	complete	1	780612	780612	Blochmannia endosymbiont of Camponotus sp.
GCA_964059145.1	complete	3	618180	607166	Buchnera aphidicola (Protaphis terricola)
GCA_003937345.2	complete	7	5545800	4996134	Citrobacter freundii
GCA_003812345.1	complete	2	5102161	4974986	Citrobacter freundii
GCA_022637515.1	complete	1	5286310	5286310	Buttiauxella ferragutiae
GCA_020695645.1	complete	3	5312388	4989314	Citrobacter freundii
GCA_004353845.1	complete	3	5370228	5211009	Citrobacter arsenatis
GCA_013487785.1	complete	3	643359	632731	Buchnera aphidicola (Aphis craccivore)
GCA_030169105.1	complete	1	462833	462833	Buchnera aphidicola (Sipha maydis)
GCA_059113145.1	complete	1	228690	228690	Candidatus Psyllophila symbiotica
GCA_029718465.1	complete	1	4965615	4965615	Citrobacter braakii
GCA_013371705.1	complete	4	5285127	4997964	Citrobacter freundii
GCA_039829995.1	complete	1	608857	608857	Buchnera aphidicola (Nurudea yanoniella)
GCA_000009605.1	complete	3	655725	640681	Buchnera aphidicola str. APS (Acyrthosiphon pisum)
GCA_026240855.1	complete	8	5561304	5121554	Citrobacter freundii
GCA_037477975.1	complete	6	5133040	5032410	Citrobacter braakii
GCA_044537545.2	complete	2	4795544	4755750	Citrobacter amalonaticus
GCA_041319885.1	complete	7	6171839	5372928	Citrobacter braakii
GCA_036751175.1	complete	3	321242	306465	Candidatus Stammera capleta
GCA_009857035.1	complete	3	5345835	5125834	Citrobacter freundii
GCA_030007575.1	complete	6	5197517	5033604	Citrobacter freundii
GCA_013234275.1	complete	1	4566254	4566254	Buttiauxella agrestis
GCA_001648115.1	complete	1	607835	607835	Buchnera aphidicola (Schlechtendalia chinensis)
GCA_023585685.1	complete	1	783921	783921	Blochmannia endosymbiont of Camponotus sp. C-003
GCA_036689245.1	complete	3	328085	312597	Candidatus Stammera capleta
GCA_000757825.1	complete	1	4876443	4876443	Cedecea neteri
GCA_013899035.1	complete	2	5234754	5232071	Citrobacter freundii
GCA_900143135.1	complete	2	1094672	1064893	Candidatus Erwinia haradaeae
GCA_013724985.1	complete	3	4779902	4773574	Citrobacter freundii
GCA_001280225.1	complete	3	638851	628164	Buchnera aphidicola (Aphis glycines)
GCA_019974195.1	complete	1	4901704	4901704	Citrobacter freundii
GCA_004344985.1	complete	8	5443800	4947788	Citrobacter freundii
GCA_013738635.1	complete	5	5509846	5084908	Citrobacter freundii
GCA_059935335.1	complete	1	792315	792315	Blochmannia endosymbiont of Camponotus quercicola
GCA_021221145.5	complete	7	5509411	5176419	Citrobacter freundii
GCA_030849405.1	complete	1	221413	221413	Candidatus Psyllophila symbiotica
GCA_015139955.1	complete	2	310648	304737	Candidatus Stammera capleta
GCA_039363085.1	complete	3	433948	424619	Buchnera aphidicola (Ceratoglyphina bambusae)
GCA_016505445.2	complete	2	5148049	4951267	Citrobacter braakii
GCA_039829945.1	complete	1	623623	623623	Buchnera aphidicola (Melaphis rhois)
GCA_036689515.1	complete	2	258530	252963	Candidatus Stammera capleta
GCA_000225465.1	complete	3	627953	615380	Buchnera aphidicola str. Ua (Uroleucon ambrosiae)
GCA_000973505.1	complete	1	749321	749321	Blochmannia endosymbiont of Polyrhachis (Hedomyrma) turneri
GCA_030849185.1	complete	1	237114	237114	Candidatus Psyllophila symbiotica
GCA_036689415.1	complete	2	251492	245958	Candidatus Stammera capleta
GCA_000183305.1	complete	1	641771	641771	Buchnera aphidicola str. JF98 (Acyrthosiphon pisum)
GCA_011035165.1	complete	1	614349	614349	Buchnera aphidicola (Uroleucon sonchi)
GCA_000225445.1	complete	3	653223	641794	Buchnera aphidicola str. Ak (Acyrthosiphon kondoi)
GCA_052367405.1	complete	1	2039115	2039115	Arsenophonus sp.
GCA_011752475.1	complete	3	653441	642296	Buchnera aphidicola (Microlophium carnosum)
GCA_020268605.1	complete	7	3639254	3301428	Arsenophonus apicola
GCA_016939615.1	complete	5	5485671	5098771	Citrobacter freundii
GCA_000331065.1	complete	1	791219	791219	Candidatus Blochmanniella chromaiodes str. 640
GCA_023203375.4	complete	6	5631467	5147998	Citrobacter freundii
GCA_051147885.1	complete	4	5469620	5063677	Citrobacter europaeus
GCA_013781965.1	complete	4	5284993	4992760	Citrobacter freundii
GCA_024210715.5	complete	8	5383365	5047935	Citrobacter freundii
GCA_020683225.1	complete	1	5153556	5153556	Citrobacter freundii
GCA_039370165.1	complete	3	428368	419464	Buchnera aphidicola (Chaitoregma tattakana)
GCA_003391335.1	complete	1	479855	479855	Candidatus Purcelliella pentastirinorum
GCA_039383305.1	complete	3	427304	417660	Buchnera aphidicola (Nippolachnus piri)
GCA_013612875.1	complete	5	5504329	5067906	Citrobacter freundii
GCA_036689385.1	complete	3	258495	250393	Candidatus Stammera capleta
GCA_026626145.1	complete	2	5178519	4941235	Citrobacter braakii
GCA_036689305.1	complete	3	329508	313940	Candidatus Stammera capleta
GCA_003671935.1	complete	1	642929	642929	Buchnera aphidicola (Rhopalosiphum maidis)
GCA_000185985.2	complete	1	722585	722585	Candidatus Blochmanniella vafra str. BVAF
GCA_014337275.1	complete	4	5567745	5128721	Citrobacter freundii
GCA_041319725.1	complete	7	5702029	5103322	Citrobacter braakii
GCA_002946635.1	complete	1	4784656	4784656	Citrobacter freundii
GCA_020809005.1	complete	4	5260876	5092352	Citrobacter freundii
GCA_000183225.1	complete	1	641799	641799	Buchnera aphidicola str. LL01 (Acyrthosiphon pisum)
GCA_049819115.1	complete	2	622080	614287	Buchnera aphidicola (Uroleucon formosanum)
GCA_029717985.1	complete	1	5096586	5096586	Citrobacter freundii
GCA_900016785.1	complete	3	430464	421426	Buchnera aphidicola (Tuberolachnus salignus)
GCA_013730455.1	complete	4	5039179	4920836	Citrobacter freundii
GCA_044324705.1	complete	2	659063	643512	Buchnera aphidicola (Myzus persicae)
GCA_900048035.1	complete	1	938041	938041	Candidatus Gullanella endobia
GCA_964016415.1	complete	2	3595888	3461605	Candidatus Erwinia impunctatus
GCA_036289025.1	complete	3	5391097	5001403	Citrobacter braakii
GCA_030020825.1	complete	1	780225	780225	Candidatus Blochmannia vicinus (nom. nud.)
GCA_039352235.1	complete	1	433453	433453	Buchnera aphidicola (Takecallis taiwana)
GCA_013782845.1	complete	8	5306363	4829251	Citrobacter freundii
GCA_039405155.1	complete	2	456983	453895	Buchnera aphidicola (Taiwanaphis decaspermi)
GCA_000517405.1	complete	1	4513140	4513140	Candidatus Sodalis pierantonii str. SOPE
GCA_041226305.1	scaffold	36	4877243	269465	Citrobacter amalonaticus
GCA_033840155.1	scaffold	67	5312794	232785	Brenneria sp. L4-2C
GCA_014803075.1	scaffold	495	5660980	45991	Citrobacter freundii
GCA_002151695.1	scaffold	35	4992764	391101	Citrobacter amalonaticus
GCA_036957465.1	scaffold	40	4569496	192232	Atlantibacter hermannii
GCA_052998325.1	scaffold	145	5399748	269075	Citrobacter amalonaticus
GCA_030414915.1	scaffold	257	5366038	89433	Citrobacter freundii
GCA_016614875.1	scaffold	88	5456226	220303	Citrobacter freundii
GCA_028210765.1	scaffold	24	5021320	514685	Citrobacter farmeri
GCA_022542535.1	scaffold	143	5447493	167070	Citrobacter freundii
GCA_060721115.1	scaffold	700	2802075	4581	Atlantibacter hermannii
GCA_040240345.1	scaffold	55	5328340	286356	Brenneria sp. g21c3
GCA_022543005.1	scaffold	143	5416751	147384	Citrobacter freundii
GCA_024638095.1	scaffold	87	5381610	411809	Citrobacter freundii
GCA_027676815.1	scaffold	30	4736368	359911	Citrobacter amalonaticus
GCA_032059805.1	scaffold	49	4517143	156104	Atlantibacter sp.
GCA_032062745.1	scaffold	109	4126394	72711	Atlantibacter hermannii
GCA_004305705.1	scaffold	101	5209670	98842	Citrobacter freundii
GCA_022542555.1	scaffold	149	5420057	157512	Citrobacter freundii
GCA_017151535.1	scaffold	89	5294774	746468	Citrobacter braakii
GCA_017151595.1	scaffold	167	5471101	452434	Citrobacter freundii
GCA_060670465.1	scaffold	408	2214548	7330	Candidatus Erwinia dacicola
GCA_036809765.1	scaffold	112	4432003	84951	Atlantibacter hermannii
GCA_018423015.1	scaffold	108	5278121	246078	Citrobacter freundii
GCA_022543235.1	scaffold	146	5514904	140807	Citrobacter freundii
GCA_018439765.2	scaffold	241	5042508	50921	Citrobacter freundii
GCA_030414255.1	scaffold	223	5298312	91235	Citrobacter freundii
GCA_001602605.1	scaffold	81	3243959	91323	bacteria symbiont BFo2 of Frankliniella occidentalis
GCA_015558715.1	scaffold	30	5010994	293849	Citrobacter farmeri
GCA_018423195.2	scaffold	575	5350468	20013	Citrobacter freundii
GCA_001058675.1	scaffold	255	5250163	52702	Citrobacter freundii
GCA_032740075.1	scaffold	193	5386588	100980	Citrobacter freundii
GCA_029104115.1	scaffold	62	5423713	746212	Citrobacter freundii
GCA_022543215.1	scaffold	184	5551402	123064	Citrobacter freundii
GCA_001546285.1	scaffold	43	4927776	174437	Citrobacter freundii
GCA_900115075.1	scaffold	13	4751258	568987	Candidatus Pantoea varia
GCA_023982945.1	scaffold	103	5294986	204148	Citrobacter freundii
GCA_001059745.1	scaffold	199	4993582	56428	Citrobacter braakii
GCA_003115855.1	scaffold	97	5236926	174717	Brenneria corticis
GCA_037201425.1	scaffold	42	4570963	744736	Atlantibacter hermannii
GCA_060485855.1	scaffold	39	4394409	186617	Atlantibacter hermannii
GCA_001067775.1	scaffold	109	4999634	117525	Citrobacter braakii
GCA_032739185.1	scaffold	98	5326319	213255	Citrobacter freundii
GCA_029104385.1	scaffold	141	5538164	146627	Citrobacter freundii
GCA_022543045.1	scaffold	138	5393222	164491	Citrobacter freundii
GCA_032059065.1	scaffold	703	3830642	7524	Atlantibacter hermannii
GCA_036348435.1	scaffold	55	5328340	286356	Brenneria sp. g21c3
GCA_032012745.1	scaffold	72	4516769	103383	Atlantibacter hermannii
GCA_031982585.1	scaffold	1827	3471452	2779	Atlantibacter hermannii
GCA_032085275.1	scaffold	169	4089394	39197	Atlantibacter hermannii
GCA_022542815.1	scaffold	149	5418954	126706	Citrobacter freundii
GCA_965182305.1	scaffold	54	4742968	202726	Atlantibacter hermannii
GCA_004801115.1	scaffold	108	5139193	157374	Citrobacter freundii
GCA_030415195.1	scaffold	246	5223859	100334	Citrobacter freundii
GCA_019731005.1	scaffold	30	4964445	468806	Citrobacter freundii
GCA_033901435.1	scaffold	65	5195778	366551	Citrobacter cronae
GCA_018439245.1	scaffold	56	5076637	692528	Citrobacter freundii
GCA_902160945.1	scaffold	63	4922627	559481	Citrobacter braakii
GCA_018423095.1	scaffold	999	5583849	10472	Citrobacter freundii
GCA_002151775.1	scaffold	62	5695684	182865	Citrobacter freundii
GCA_032739545.1	scaffold	100	5327103	213255	Citrobacter freundii
GCA_020444865.1	scaffold	669	2024731	4061	Candidatus Riesia sp.
GCA_050782755.1	scaffold	63	4940769	429420	Citrobacter braakii
GCA_003517785.1	scaffold	1123	3302069	4291	Atlantibacter hermannii
GCA_030414495.1	scaffold	233	5308820	91235	Citrobacter freundii
GCA_013395115.1	scaffold	101	5461179	260668	Citrobacter freundii
GCA_032069815.1	scaffold	157	4385536	50342	Atlantibacter hermannii
GCA_002471245.1	scaffold	46	4940338	239243	Citrobacter freundii
GCA_047498235.2	scaffold	22	5488756	686882	Citrobacter europaeus
GCA_018442425.1	scaffold	66	5222884	338383	Citrobacter freundii
GCA_032058345.1	scaffold	447	4267570	16156	Atlantibacter subterraneus
GCA_963860115.1	scaffold	215	2067400	102709	Candidatus Regiella insecticola LSR1
GCA_001689745.1	scaffold	439	4877666	29222	Citrobacter freundii
GCA_018376975.1	scaffold	302	4580636	23492	Citrobacter freundii
GCA_032738745.1	scaffold	99	5326429	213255	Citrobacter freundii
GCA_026702905.1	scaffold	11	5505538	4396769	Citrobacter freundii
GCA_022543315.1	scaffold	147	5539756	145194	Citrobacter freundii
GCA_036832535.1	scaffold	73	4448416	85646	Atlantibacter hermannii
GCA_041877825.1	scaffold	163	4881316	109888	Buttiauxella noackiae
GCA_032739915.1	scaffold	196	5387343	105373	Citrobacter freundii
GCA_024007035.1	scaffold	284	5716962	156692	Citrobacter freundii
GCA_018421475.1	scaffold	109	5136999	126305	Citrobacter freundii
GCA_025535935.1	scaffold	169	5012298	98357	Citrobacter cronae
GCA_036954425.1	scaffold	42	4999856	220773	Citrobacter braakii
GCA_036919435.1	scaffold	21	4888380	376549	Arsenophonus sp. PmNCSU2021_1
GCA_018422995.1	scaffold	97	5246712	182471	Citrobacter freundii
GCA_029104075.1	scaffold	102	5508416	205884	Citrobacter freundii
GCA_003519155.1	scaffold	1108	3848637	5432	Citrobacter freundii
GCA_041084515.1	scaffold	68	5189299	213337	Citrobacter braakii
GCA_032094855.1	scaffold	179	3957016	35430	Atlantibacter hermannii
GCA_002252125.1	scaffold	175	5842230	114394	Citrobacter freundii
GCA_023982985.1	scaffold	39	5491148	424368	Citrobacter freundii
GCA_032739225.1	scaffold	100	5321760	213255	Citrobacter freundii
GCA_001065805.1	scaffold	115	5086871	101098	Citrobacter braakii
GCA_000143625.1	scaffold	215	2067400	102709	Candidatus Regiella insecticola LSR1
GCA_032002465.1	scaffold	39	4552775	170027	Atlantibacter subterraneus
GCA_032739955.1	scaffold	200	5387385	95051	Citrobacter freundii
GCA_022543175.1	scaffold	155	5465731	209641	Citrobacter freundii
GCA_015554155.1	scaffold	25	5020718	515959	Citrobacter farmeri
GCA_031432055.1	scaffold	175	2786084	46664	Arsenophonus sp.
GCA_902160995.1	scaffold	40	4914869	559479	Citrobacter braakii
GCA_032051265.1	scaffold	18	4464891	440163	Buttiauxella sp.
GCA_056114085.1	scaffold	7	5695662	4382447	Citrobacter amalonaticus
GCA_036954405.1	scaffold	38	4999947	275041	Citrobacter braakii
GCA_048260585.1	scaffold	24	4808776	820190	Citrobacter braakii
GCA_036780485.1	scaffold	62	4492516	134633	Atlantibacter hermannii
GCA_032560175.1	scaffold	53	5211861	267091	Citrobacter freundii
GCA_010590395.1	scaffold	596	5315068	204175	Citrobacter freundii
GCA_018441215.1	scaffold	113	5299282	151038	Citrobacter freundii
GCA_030415155.1	scaffold	127	5041469	112566	Citrobacter freundii
GCA_030414605.1	scaffold	234	5227965	85468	Citrobacter freundii
GCA_037198425.1	scaffold	42	4573347	472357	Atlantibacter hermannii
GCA_022543255.1	scaffold	357	5369187	47780	Citrobacter freundii
GCA_030415175.1	scaffold	210	5301189	91235	Citrobacter freundii
GCA_036954585.1	scaffold	43	4498522	207893	Atlantibacter hermannii
GCA_018420725.2	scaffold	115	5463787	234257	Citrobacter freundii
GCA_052998545.1	scaffold	97	5431999	352644	Citrobacter amalonaticus
GCA_031985105.1	scaffold	48	4376192	175744	Atlantibacter hermannii
GCA_037083725.1	scaffold	95	460654	6955	Candidatus Dasytiphilus stammeri
GCA_001306025.1	scaffold	19	4891646	2612975	Citrobacter freundii
GCA_022542495.1	scaffold	134	5442541	167079	Citrobacter freundii
GCA_032057465.1	scaffold	69	4287337	116693	Atlantibacter hermannii
GCA_015762695.1	scaffold	86	4410879	115744	Candidatus Symbiopectobacterium sp. PLON1
GCA_032501655.1	scaffold	111	4832677	107119	Citrobacter freundii
GCA_018373825.1	scaffold	152	5089376	113707	Citrobacter freundii
GCA_963888935.1	scaffold	17	2495260	335627	Candidatus Regiella insecticola
GCA_002299595.1	scaffold	210	3950619	31913	Candidatus Pantoea superficialis
GCA_032080565.1	scaffold	261	4377539	32274	Atlantibacter sp.
GCA_018422965.1	scaffold	103	5158275	201411	Citrobacter freundii
GCA_018438625.1	scaffold	88	5502271	192447	Citrobacter freundii
GCA_000937505.2	scaffold	40	5911694	4310638	Citrobacter freundii
GCA_032738535.1	scaffold	101	5326641	189863	Citrobacter freundii
GCA_018441435.1	scaffold	96	5421676	242797	Citrobacter freundii
GCA_902859675.1	scaffold	165	1918914	51949	Candidatus Williamhamiltonella defendens
GCA_028210675.1	scaffold	30	4918685	275726	Citrobacter farmeri
GCA_001413195.1	scaffold	139	5293366	153028	Citrobacter freundii
GCA_032056725.1	scaffold	343	4474241	18737	Atlantibacter hermannii
GCA_030414925.1	scaffold	221	5288978	91235	Citrobacter freundii
GCA_006937845.1	scaffold	336	5189880	47333	Citrobacter freundii
GCA_001482575.1	scaffold	108	5332198	180261	Citrobacter freundii
GCA_021440705.1	scaffold	161	5298171	105786	Citrobacter freundii
GCA_023910425.1	scaffold	27	5191199	482385	Citrobacter amalonaticus
GCA_030414615.1	scaffold	202	5299298	91785	Citrobacter freundii
GCA_024007055.1	scaffold	214	5679323	156692	Citrobacter freundii
GCA_033022715.1	scaffold	50	4842780	220794	Chimaeribacter arupi
GCA_031997465.1	scaffold	47	4394255	143506	Atlantibacter hermannii
GCA_001413155.1	scaffold	166	5330406	107614	Citrobacter freundii
GCA_032072985.1	scaffold	35	4372716	381353	Atlantibacter hermannii
GCA_004366275.1	scaffold	20	5196484	443768	Buttiauxella sp. BIGb0552
GCA_029104285.1	scaffold	88	5397075	152096	Citrobacter freundii
GCA_051336805.1	contig	52	5561734	257655	Candidatus Pantoea formicae
GCA_902506645.1	contig	140	5202179	183832	Citrobacter amalonaticus
GCA_002858805.1	contig	121	4877656	98550	Chimaeribacter arupi
GCA_963879695.1	contig	4	2253070	1047380	Candidatus Williamhamiltonella defendens
GCA_045399525.1	contig	652	4180040	16282	Arsenophonus nasoniae
GCA_060670805.1	contig	21	3617770	550164	Candidatus Erwinia dacicola
GCA_050896255.1	contig	1103	6011100	165378	Citrobacter arsenatis
GCA_052174615.1	contig	224	2486480	98418	Arsenophonus sp. NC-PY1-MAG3
GCA_023035555.1	contig	117	5515771	146529	Citrobacter amalonaticus
GCA_900128755.2	contig	381	2794581	37438	Candidatus Fukatsuia symbiotica
GCA_052174455.1	contig	89	2399708	208495	Arsenophonus sp. NC-PE1-MAG3
GCA_044954765.1	contig	68	5304735	272560	Citrobacter amalonaticus
GCA_003058285.2	contig	1039	2858157	5472	Candidatus Erwinia dacicola
GCA_032992025.1	contig	151	5310258	158691	Citrobacter amalonaticus
GCA_051305795.1	contig	47	1557138	57700	Candidatus Malihini olakiniferum
GCA_003666145.1	contig	128	5377659	82991	Brenneria goodwinii
GCA_052174155.1	contig	34	1457892	270157	Arsenophonus sp. ET-LJ4-MAG3
GCA_003666235.1	contig	184	5281024	61230	Brenneria goodwinii
GCA_033099875.1	contig	60	4854014	252773	Atlantibacter subterraneus
GCA_018777385.1	contig	10	4492448	743874	Candidatus Symbiopectobacterium endolongispinus
GCA_019800295.1	contig	44	4851933	267639	Citrobacter amalonaticus
GCA_032634185.2	contig	106	5320703	164409	Citrobacter amalonaticus
GCA_022358675.1	contig	123	5405653	168087	Brenneria goodwinii
GCA_000731055.1	contig	110	5273145	115086	Citrobacter amalonaticus
GCA_052174575.1	contig	142	2456743	138481	Arsenophonus sp. NC-LC2-MAG3
GCA_023035355.1	contig	75	5221407	204606	Citrobacter amalonaticus
GCA_046530935.1	contig	101	2308536	33412	Arsenophonus sp.
GCA_045399315.1	contig	91	2690441	90311	Arsenophonus sp.
GCA_903936025.1	contig	149	4844267	179235	Atlantibacter hermannii
GCA_002933315.1	contig	12	850393	150700	Candidatus Pantoea edessiphila
GCA_003939305.1	contig	43	4793564	298178	Atlantibacter subterraneus
GCA_029005255.1	contig	1179	652278	719	Buchnera aphidicola
GCA_024170175.1	contig	18	4850393	465307	Citrobacter amalonaticus
GCA_037150175.1	contig	103	4889419	283308	Cedecea sp. VD26
GCA_052174255.1	contig	364	1830881	17976	Arsenophonus sp. ER-EMS1-MAG3
GCA_032075945.1	contig	58	4308969	131683	Atlantibacter hermannii
GCA_000878365.1	contig	69	4474334	139424	Atlantibacter hermannii
GCA_060670585.1	contig	428	2246968	6866	Candidatus Erwinia dacicola
GCA_025728405.1	contig	197	359703	2455	Candidatus Lightella neohaematopini
GCA_023041135.1	contig	39	4885909	576039	Citrobacter amalonaticus
GCA_037150155.1	contig	90	4885847	258090	Cedecea sp. VD23
GCA_019958295.1	contig	1224	657623	699	Buchnera aphidicola
GCA_048228715.1	contig	24	5251527	713990	Citrobacter amalonaticus
GCA_037070825.1	contig	52	5466303	425480	Citrobacter arsenatis
GCA_028620695.1	contig	1260	5076265	129439	Cedecea lapagei
GCA_056637515.1	contig	63	4652930	304964	Atlantibacter hermannii
GCA_052174175.1	contig	119	1453505	53420	Arsenophonus sp. ET-DL9-MAG3
GCA_016088355.2	contig	113	5464786	121916	Citrobacter amalonaticus
GCA_030194145.1	contig	42	4595917	566120	Atlantibacter hermannii
GCA_016068855.1	contig	260	5274055	61073	Citrobacter amalonaticus
GCA_032477475.1	contig	106	4445405	84204	Atlantibacter hermannii
GCA_016505195.1	contig	30	4809879	474201	Citrobacter amalonaticus
GCA_040786275.1	contig	2	4764459	4640089	Buttiauxella gaviniae
GCA_036489025.1	contig	52	4756072	175722	Buttiauxella sp.
GCA_030194135.1	contig	50	4599934	438767	Atlantibacter hermannii
GCA_002933345.1	contig	12	835639	150278	Candidatus Pantoea edessiphila
GCA_023035715.1	contig	87	5181933	175005	Citrobacter amalonaticus
GCA_022359025.1	contig	125	5402778	138587	Brenneria goodwinii
GCA_025962695.1	contig	1588	6695714	49637	Candidatus Symbiopectobacterium sp. NZEC135
GCA_046559295.1	contig	34	4791263	550437	Citrobacter amalonaticus
GCA_031205995.2	contig	51	5082135	363223	Citrobacter amalonaticus
GCA_044031955.1	contig	24	4880064	623235	Citrobacter amalonaticus
GCA_022358855.1	contig	136	5403740	129749	Brenneria goodwinii
GCA_036887825.1	contig	160	5721069	167858	Citrobacter amalonaticus
GCA_050394925.1	contig	45	5173887	316305	Citrobacter amalonaticus
GCA_003666245.1	contig	132	4126956	71375	Brenneria alni
GCA_047305745.1	contig	49	5226685	752707	Citrobacter amalonaticus
GCA_000248015.2	contig	44	4495280	253347	Atlantibacter hermannii NBRC 105704
GCA_012932875.1	contig	1	4045881	4045881	Brenneria salicis ATCC 15712 = DSM 30166
GCA_021282405.1	contig	36	4830451	290519	Buttiauxella cochleicola
GCA_052174115.1	contig	22	1250766	1229181	Arsenophonus sp. ET-YP4-MAG3
GCA_055971295.1	contig	44	5053996	457274	Citrobacter amalonaticus
GCA_002933355.1	contig	12	837119	151081	Candidatus Pantoea edessiphila
GCA_040326595.1	contig	75	5016367	236513	Citrobacter amalonaticus
GCA_060523555.1	contig	31	4518036	224301	Buttiauxella noackiae
GCA_025728395.1	contig	99	440083	9301	Candidatus Lightella neohaematopini
GCA_036016275.1	contig	110	4782842	120681	Brenneria populi subsp. brevivirga
GCA_037150135.1	contig	171	4877610	79313	Cedecea sp. VD32
GCA_025728425.1	contig	141	415111	3778	Candidatus Lightella neohaematopini
GCA_056491525.1	contig	3	5400732	4292633	Candidatus Pantoea symbiotica
GCA_900699045.1	contig	13	1439146	313314	Candidatus Williamhamiltonella defendens
GCA_032193575.1	contig	4	5498925	5076941	Citrobacter amalonaticus
GCA_000936345.1	contig	751	4875643	13830	Citrobacter amalonaticus
GCA_034306245.1	contig	46	5118146	225691	Citrobacter amalonaticus
GCA_044031985.1	contig	25	4874688	622620	Citrobacter amalonaticus
GCA_036879775.1	contig	126	5386960	253891	Citrobacter amalonaticus
GCA_011754225.1	contig	5	457399	129781	Buchnera aphidicola (Periphyllus lyropictus)
GCA_902498925.1	contig	142	5224452	183832	Citrobacter amalonaticus
GCA_002918465.1	contig	21	5161825	589615	Citrobacter braakii
GCA_031272925.1	contig	64	4699585	142864	Citrobacter amalonaticus
GCA_031085005.1	contig	34	4402236	430342	Atlantibacter hermannii
GCA_007570865.1	contig	18	4597444	460314	Atlantibacter subterraneus
GCA_025642855.1	contig	31	4804109	389707	[Curtobacterium] plantarum
GCA_001640365.1	contig	94	3858720	255810	Candidatus Arsenophonus triatominarum
GCA_047437035.1	contig	54	5309256	373474	Citrobacter amalonaticus
GCA_025728545.1	contig	6	462716	110876	Candidatus Lightella neohaematopini
GCA_008632075.1	contig	47	4936004	268461	Candidatus Pantoea gossypiicola
GCA_020054415.1	contig	743	3288112	6992	Candidatus Symbiopectobacterium sp.
GCA_040563905.1	contig	3	5140530	4866198	Citrobacter amalonaticus
GCA_052174135.1	contig	41	1461641	301117	Arsenophonus sp. ET-KM2-MAG3
GCA_002858715.1	contig	106	4686231	152486	Chimaeribacter coloradensis
GCA_044284795.1	contig	49	4831412	327302	Citrobacter amalonaticus
GCA_060805765.1	contig	83	5124133	274928	Citrobacter amalonaticus
GCA_022378355.1	contig	533	4887228	252966	Brenneria bubanii
GCA_060670665.1	contig	421	2185798	6868	Candidatus Erwinia dacicola
GCA_040164765.1	contig	75	5394002	242280	Citrobacter amalonaticus
GCA_045399785.1	contig	28	3035842	407407	Arsenophonus nasoniae
GCA_042863005.1	contig	104	5284793	423976	Brenneria goodwinii
GCA_900446735.1	contig	3	4876667	3208415	Cedecea davisae
GCA_045399455.1	contig	477	4015285	19991	Arsenophonus nasoniae
GCA_009800925.1	contig	45	3616418	204859	Budvicia diplopodorum
GCA_052174215.1	contig	378	1252945	6985	Arsenophonus sp. ER-QC15-MAG3
GCA_045573265.1	contig	2	4883407	4810385	Citrobacter amalonaticus
GCA_001571265.1	contig	139	5203266	93533	Cedecea neteri NBRC 105707 = ATCC 33855
GCA_022358645.1	contig	130	5403879	160229	Brenneria goodwinii
GCA_054368425.1	contig	27	4931130	490935	Citrobacter amalonaticus
GCA_025728315.1	contig	7	463572	111040	Candidatus Lightella neohaematopini
GCA_016507845.1	contig	33	4923137	496211	Citrobacter amalonaticus
GCA_023368195.1	contig	157	5349985	93946	Citrobacter amalonaticus
GCA_020216825.1	contig	405	4222606	10000	Buttiauxella noackiae
GCA_051414935.1	contig	3	4778004	4715691	Buttiauxella agrestis
GCA_037150235.1	contig	91	4887120	258090	Cedecea sp. VD25
GCA_051336795.1	contig	95	5699328	126517	Candidatus Pantoea formicae
GCA_902506735.1	contig	133	5223261	183832	Citrobacter amalonaticus
GCA_047300635.1	contig	56	5077590	295230	Citrobacter amalonaticus
GCA_060670925.1	contig	24	3482177	627069	Candidatus Erwinia dacicola
GCA_056491865.1	contig	4	5364898	4164373	Candidatus Pantoea communis
GCA_016504725.1	contig	34	5351631	467337	Citrobacter amalonaticus
GCA_049903245.1	contig	23	5028616	861380	Citrobacter amalonaticus
GCA_035013225.1	contig	51	3065463	1916902	Candidatus Fukatsuia symbiotica
GCA_979253395.1	contig	5	5142148	4830331	Buttiauxella sp. AC170
GCA_029005235.1	contig	748	250811	309	Candidatus Blochmannia sp. A2
GCA_060670485.1	contig	417	2452303	8344	Candidatus Erwinia dacicola
GCA_001276125.1	contig	39	4956891	533449	Citrobacter amalonaticus
GCA_030804005.1	contig	24	4887020	620554	Atlantibacter hermannii
GCA_016500665.1	contig	44	4748195	277111	Citrobacter amalonaticus
GCA_044031945.1	contig	19	4886489	623631	Citrobacter amalonaticus
GCA_026961185.1	contig	39	4849457	404440	Citrobacter amalonaticus
GCA_022359135.1	contig	130	5399911	129619	Brenneria goodwinii
GCA_977957085.1	contig	583	2649485	5209	Citrobacter amalonaticus
GCA_036502985.1	contig	324	3920824	21442	Buttiauxella sp.
GCA_001689725.1	contig	333	2132378	9998	Candidatus Erwinia dacicola
GCA_052327855.1	contig	70	5093008	266579	Citrobacter amalonaticus
GCA_900446255.1	contig	3	5285864	4987946	Buttiauxella agrestis
GCA_029493545.1	contig	150	5202882	68216	Citrobacter amalonaticus
GCA_977070715.1	contig	74	6110734	161833	Buttiauxella brennerae
GCA_034299395.1	contig	60	5246805	256805	Citrobacter amalonaticus
GCA_001078075.1	contig	528	5149670	27557	bacteria symbiont BFo1 of Frankliniella occidentalis
GCA_003666165.1	contig	102	3927655	85701	Brenneria salicis ATCC 15712 = DSM 30166
GCA_965118745.1	contig	75	5269845	219568	Buttiauxella gaviniae
