t_s	tree_pss_mb	procs	scratch_mb	out_mb	rss_sum_mb
3	12786	6	1	1	12797
23	13150	6	1	1	13159
43	13627	11	1	1	13643
64	14076	11	1	1	14091
84	14564	11	1	1	14579
104	15125	11	1	1	15140
124	15683	11	1	1	15698
145	16339	11	1	1	16355
165	16895	11	1	1	16910
185	17525	11	1	1	17547
206	18105	11	1	1	18126
226	18709	11	1	1	18726
246	19225	11	1	1	19241
267	19819	11	1	1	19835
287	20112	11	1	1	20139
307	20578	11	1	1	20593
327	20928	11	1	1	20943
347	10841	11	1	1	10860
368	22633	11	1	1	22705
388	25047	11	1	1	25063
408	29431	11	1	1	29448
429	29727	11	1	1	29743
449	42737	11	1	1	42993
470	38591	11	1	1	38607
490	39729	11	1	1	39745
511	39740	11	1	1	39755
531	39754	11	1	1	39769
552	39757	11	1	1	39772
573	39762	11	1	1	39777
593	39764	11	1	1	39779
614	39771	11	1	1	39785
634	21841	11	1	1	28605
654	10331	10	1	1	10345
675	10331	10	1	1	10345
695	10334	10	1	1	10349
715	302	10	1	1	316
735	302	10	1	1	316
755	302	10	1	1	316
775	302	10	1	1	316
795	302	10	1	1	316
815	302	10	1	1	316
835	302	10	1	1	316
855	302	10	1	1	316
876	302	10	1	1	316
896	302	10	1	1	316
916	302	10	1	1	316
936	302	10	1	1	316
956	361	26	1	34	966
976	5388	10	1	56	5403
996	10923	10	1	56	10936
1016	10927	14	1	56	10951
1037	10927	14	1	56	10951
1057	10927	14	1	56	10951
1077	10927	14	1	56	10951
1097	10927	14	1	56	10951
1117	10927	14	1	56	10951
1138	10927	14	1	203	10951
1158	1418	17	620	349	2068
1178	7334	17	6515	349	7981
1198	9551	17	8731	349	10198
1219	15606	17	14810	349	16271
1240	18492	17	17835	349	19169
1260	24248	17	23571	349	24907
1280	25904	17	25436	349	26551
1301	25905	17	25436	349	26552
1321	25905	17	25436	349	26552
1341	26035	18	25436	349	35177
1362	842	17	1	350	1514
1382	4772	17	2619	350	5448
1402	10523	17	8360	350	11200
1422	16724	17	14564	350	17402
1443	18894	17	16735	350	19576
1463	23588	17	21428	350	24270
1483	27636	17	25468	350	28315
1504	32269	17	30104	350	32949
1524	35986	17	33822	350	36667
1545	39396	17	37228	350	40073
1565	40977	17	38811	350	41655
1586	44592	17	42425	350	45270
1606	47799	17	45639	350	48484
1627	52820	17	50684	350	53525
1648	53013	17	54266	350	53660
1668	53007	17	59386	350	53636
1689	52980	17	64058	350	53649
1709	53022	14	67009	350	53637
1730	53074	14	69287	350	53727
1751	53119	14	70392	350	53785
1771	53145	14	72071	350	53841
1792	53206	14	73612	350	53861
1813	53215	14	75303	350	53886
1833	53253	9	77602	350	53868
1854	53267	12	80471	350	53929
1875	53439	12	83278	350	54100
1895	53439	12	85339	350	54098
1916	53519	12	87473	350	54154
1937	53627	12	91028	350	54218
1957	53571	12	93005	350	54225
1978	53576	12	95093	350	54171
1999	53254	12	95716	350	53918
2019	53452	12	95716	350	54183
2040	53511	12	95716	350	54184
2061	53460	12	95716	350	54149
2081	53403	12	95716	350	54083
2102	53377	12	95716	350	54036
2123	53892	12	95716	350	54591
2143	53849	12	95716	350	54507
2164	53815	12	95716	350	54448
2184	53772	12	95716	350	54450
2205	53724	12	95716	350	54398
2226	53691	12	95716	350	54364
2246	53650	12	95716	350	54325
2267	53699	12	95716	350	54226
2287	53533	12	95716	350	54083
2308	53449	12	95716	350	54070
2329	53427	12	95716	350	54007
2349	53381	12	95716	350	53987
2370	53300	12	95716	350	53958
2390	53310	12	95716	350	54000
2411	53276	12	95716	350	53962
2432	53314	12	95716	350	54011
2452	53356	12	95716	350	54045
2473	53429	12	95716	350	54084
2494	53512	12	95716	350	54170
2514	53624	12	95716	350	54245
2535	53748	12	95716	350	54389
2556	53861	12	95716	350	54500
2576	53840	12	95716	350	54519
2597	53851	12	95716	350	54497
2618	53855	12	95716	350	54470
2638	53899	12	95716	350	54559
2659	55126	12	95716	350	55801
2680	55118	12	95716	350	55786
2701	55215	12	95716	350	55828
2721	55206	12	95716	350	55844
2742	55266	12	95716	350	55843
2763	55313	13	95716	350	56354
2784	55334	13	95716	350	56386
2804	55358	9	95716	350	56342
2825	55416	10	95716	350	56400
2846	55470	10	95716	350	56540
2866	55342	10	95716	350	63356
2886	326	6	1	351	336
2906	233	6	1	301	242
2926	2	5	1	301	10
2947	2	5	1	301	10
2967	2	5	1	301	10
2987	2	5	1	301	10
3007	2	5	1	301	10
